F148W,F169M,F172M,N219M,N279N,f275w,f336w,f475w,f814w,f110w,f160w,Z,log(age)
8.10178E-20,7.2381E-20,6.56307E-20,5.47485E-20,3.54119E-20,3.70E-20,5.38E-21,1.12E-20,6.96E-21,4.27E-21,2.39184E-21,1.00E-05,6.00E+00
8.80966E-20,7.89642E-20,7.17566E-20,5.99802E-20,3.8909E-20,4.07E-20,5.91E-21,1.23E-20,7.61E-21,4.63E-21,2.55854E-21,1.00E-05,6.10E+00
9.10879E-20,8.18425E-20,7.4497E-20,6.23768E-20,4.05657E-20,4.24E-20,6.16E-21,1.28E-20,7.93E-21,4.79E-21,2.62355E-21,1.00E-05,6.20E+00
9.75675E-20,8.83114E-20,8.0858E-20,6.83357E-20,4.54331E-20,4.74E-20,8.14E-21,1.88E-20,1.17E-20,7.70E-21,4.37895E-21,1.00E-05,6.30E+00
1.02251E-19,9.40779E-20,8.73225E-20,7.57197E-20,5.37988E-20,5.58E-20,1.38E-20,3.76E-20,2.33E-20,1.74E-20,1.0852E-20,1.00E-05,6.40E+00
8.29807E-20,7.69318E-20,7.19154E-20,6.34926E-20,4.75804E-20,4.91E-20,1.64E-20,4.83E-20,2.99E-20,2.32E-20,1.44631E-20,1.00E-05,6.50E+00
6.95075E-20,6.42182E-20,5.99161E-20,5.25644E-20,3.84595E-20,3.98E-20,1.10E-20,3.57E-20,2.21E-20,1.88E-20,1.40969E-20,1.00E-05,6.60E+00
5.73121E-20,5.27833E-20,4.91665E-20,4.29448E-20,3.10671E-20,3.21E-20,7.87E-21,2.35E-20,1.46E-20,1.20E-20,8.83673E-21,1.00E-05,6.70E+00
4.55381E-20,4.19453E-20,3.90897E-20,3.40034E-20,2.4427E-20,2.53E-20,5.44E-21,1.47E-20,9.11E-21,6.94E-21,4.81177E-21,1.00E-05,6.80E+00
3.60744E-20,3.31934E-20,3.08876E-20,2.67536E-20,1.89584E-20,1.96E-20,3.84E-21,9.40E-21,5.83E-21,4.10E-21,2.6431E-21,1.00E-05,6.90E+00
2.79014E-20,2.56843E-20,2.38813E-20,2.06687E-20,1.46725E-20,1.52E-20,2.97E-21,7.13E-21,4.42E-21,3.04E-21,1.90768E-21,1.00E-05,7.00E+00
2.1082E-20,1.93933E-20,1.80369E-20,1.57048E-20,1.12498E-20,1.16E-20,2.33E-21,5.61E-21,3.48E-21,2.40E-21,1.53151E-21,1.00E-05,7.10E+00
1.54226E-20,1.42148E-20,1.32751E-20,1.16654E-20,8.41768E-21,8.71E-21,1.79E-21,4.28E-21,2.66E-21,1.81E-21,1.12893E-21,1.00E-05,7.20E+00
1.20899E-20,1.1268E-20,1.06159E-20,9.42598E-21,6.88115E-21,7.12E-21,1.56E-21,3.88E-21,2.41E-21,1.71E-21,1.12289E-21,1.00E-05,7.30E+00
9.20149E-21,8.62447E-21,8.16569E-21,7.31028E-21,5.44315E-21,5.62E-21,1.32E-21,3.31E-21,2.05E-21,1.46E-21,9.45514E-22,1.00E-05,7.40E+00
7.16629E-21,6.72374E-21,6.36499E-21,5.71991E-21,4.36755E-21,4.50E-21,1.14E-21,2.95E-21,1.83E-21,1.32E-21,8.76982E-22,1.00E-05,7.50E+00
5.66581E-21,5.31545E-21,5.02484E-21,4.52967E-21,3.54304E-21,3.64E-21,1.00E-21,2.67E-21,1.66E-21,1.23E-21,8.34779E-22,1.00E-05,7.60E+00
4.67476E-21,4.38896E-21,4.15267E-21,3.75601E-21,2.96289E-21,3.05E-21,8.92E-22,2.51E-21,1.56E-21,1.22E-21,8.79682E-22,1.00E-05,7.70E+00
3.74327E-21,3.5401E-21,3.3705E-21,3.08938E-21,2.50101E-21,2.57E-21,8.28E-22,2.89E-21,1.79E-21,1.74E-21,1.61281E-21,1.00E-05,7.80E+00
3.19507E-21,3.05449E-21,2.93274E-21,2.73618E-21,2.29499E-21,2.35E-21,8.70E-22,4.22E-21,2.62E-21,3.05E-21,3.23539E-21,1.00E-05,7.90E+00
2.38445E-21,2.29151E-21,2.20899E-21,2.08257E-21,1.79145E-21,1.83E-21,8.04E-22,5.64E-21,3.50E-21,4.62E-21,5.27298E-21,1.00E-05,8.00E+00
1.94172E-21,1.88281E-21,1.82693E-21,1.74841E-21,1.55268E-21,1.58E-21,7.13E-22,3.82E-21,2.37E-21,2.84E-21,3.05929E-21,1.00E-05,8.10E+00
1.49051E-21,1.46246E-21,1.43097E-21,1.39601E-21,1.29122E-21,1.31E-21,6.95E-22,4.70E-21,2.92E-21,3.81E-21,4.30981E-21,1.00E-05,8.20E+00
1.1077E-21,1.09764E-21,1.08117E-21,1.07101E-21,1.02464E-21,1.04E-21,5.90E-22,3.51E-21,2.18E-21,2.72E-21,2.98041E-21,1.00E-05,8.30E+00
8.51498E-22,8.53933E-22,8.47876E-22,8.55303E-22,8.50326E-22,8.59E-22,5.51E-22,3.61E-21,2.24E-21,2.88E-21,3.22209E-21,1.00E-05,8.40E+00
6.53695E-22,6.68651E-22,6.71584E-22,6.94948E-22,7.31042E-22,7.35E-22,5.37E-22,2.96E-21,1.84E-21,2.21E-21,2.34479E-21,1.00E-05,8.50E+00
4.58107E-22,4.7594E-22,4.82547E-22,5.08732E-22,5.57089E-22,5.59E-22,4.62E-22,2.80E-21,1.73E-21,2.14E-21,2.31955E-21,1.00E-05,8.60E+00
3.11725E-22,3.29589E-22,3.37883E-22,3.62435E-22,4.1295E-22,4.13E-22,3.74E-22,2.00E-21,1.24E-21,1.43E-21,1.45992E-21,1.00E-05,8.70E+00
2.45211E-22,2.6502E-22,2.74473E-22,3.0024E-22,3.56886E-22,3.56E-22,3.64E-22,2.08E-21,1.29E-21,1.52E-21,1.56242E-21,1.00E-05,8.80E+00
1.77774E-22,1.96034E-22,2.06618E-22,2.31247E-22,2.88898E-22,2.88E-22,3.41E-22,2.17E-21,1.34E-21,1.61E-21,1.67732E-21,1.00E-05,8.90E+00
1.46088E-22,1.63178E-22,1.72515E-22,1.94431E-22,2.47095E-22,2.46E-22,3.07E-22,2.06E-21,1.28E-21,1.55E-21,1.62995E-21,1.00E-05,9.00E+00
8.95655E-23,1.00693E-22,1.07552E-22,1.2282E-22,1.59952E-22,1.59E-22,1.94E-22,1.24E-21,7.68E-22,9.02E-22,9.20094E-22,1.00E-05,9.10E+00
5.99647E-23,6.93852E-23,7.57901E-23,8.92904E-23,1.23802E-22,1.23E-22,1.62E-22,9.78E-22,6.07E-22,6.84E-22,6.67625E-22,1.00E-05,9.20E+00
3.68488E-23,4.49609E-23,5.14094E-23,6.38395E-23,9.69756E-23,9.57E-23,1.48E-22,9.50E-22,5.90E-22,6.75E-22,6.63939E-22,1.00E-05,9.30E+00
2.20351E-23,2.84107E-23,3.4052E-23,4.43275E-23,7.21864E-23,7.10E-23,1.21E-22,8.24E-22,5.11E-22,5.93E-22,5.89509E-22,1.00E-05,9.40E+00
1.20888E-23,1.67099E-23,2.16181E-23,3.01679E-23,5.37113E-23,5.27E-23,9.80E-23,7.06E-22,4.38E-22,5.12E-22,5.10691E-22,1.00E-05,9.50E+00
7.48051E-24,1.04955E-23,1.47389E-23,2.209E-23,4.20301E-23,4.11E-23,8.02E-23,6.21E-22,3.85E-22,4.57E-22,4.62637E-22,1.00E-05,9.60E+00
4.64029E-24,6.44103E-24,1.00163E-23,1.64783E-23,3.28895E-23,3.21E-23,5.56E-23,3.92E-22,2.43E-22,2.78E-22,2.69069E-22,1.00E-05,9.70E+00
3.02601E-24,3.74506E-24,5.57166E-24,1.01657E-23,2.29837E-23,2.24E-23,4.63E-23,4.15E-22,2.58E-22,3.14E-22,3.23148E-22,1.00E-05,9.80E+00
3.2279E-24,3.7173E-24,5.03867E-24,9.07809E-24,2.10994E-23,2.06E-23,4.27E-23,3.96E-22,2.46E-22,3.00E-22,3.10375E-22,1.00E-05,9.90E+00
3.05506E-24,3.30023E-24,4.01982E-24,7.09365E-24,1.60471E-23,1.56E-23,2.62E-23,2.22E-22,1.38E-22,1.62E-22,1.60354E-22,1.00E-05,1.00E+01
3.36068E-24,3.48189E-24,3.82587E-24,5.78043E-24,1.37602E-23,1.35E-23,3.51E-23,3.88E-22,2.41E-22,3.07E-22,3.28098E-22,1.00E-05,1.01E+01
2.15633E-24,2.14396E-24,2.19139E-24,2.91653E-24,6.31283E-24,6.19E-24,1.33E-23,1.42E-22,8.82E-23,1.10E-22,1.1458E-22,1.00E-05,1.02E+01
1.95607E-24,1.90024E-24,1.88147E-24,2.34049E-24,5.17571E-24,5.08E-24,1.19E-23,1.32E-22,8.18E-23,1.03E-22,1.06988E-22,1.00E-05,1.03E+01
2.83405E-24,2.68376E-24,2.58283E-24,2.87448E-24,5.36574E-24,5.30E-24,1.21E-23,1.40E-22,8.68E-23,1.11E-22,1.17219E-22,1.00E-05,1.04E+01
1.89924E-24,1.76587E-24,1.69299E-24,2.25648E-24,6.59037E-24,6.43E-24,1.61E-23,1.72E-22,1.07E-22,1.32E-22,1.35648E-22,1.00E-05,1.05E+01
9.13406E-25,8.56859E-25,8.19314E-25,9.12884E-25,2.21449E-24,2.19E-24,9.68E-24,1.35E-22,8.36E-23,1.12E-22,1.23542E-22,1.00E-05,1.06E+01
1.46381E-24,1.32514E-24,1.22178E-24,1.17269E-24,2.03955E-24,2.03E-24,6.11E-24,7.77E-23,4.82E-23,6.28E-23,6.64572E-23,1.00E-05,1.07E+01
1.06796E-24,9.60962E-25,8.75052E-25,9.52614E-25,3.03711E-24,2.98E-24,1.19E-23,1.49E-22,9.26E-23,1.20E-22,1.28997E-22,1.00E-05,1.08E+01
4.97013E-26,4.71394E-26,4.58753E-26,1.01845E-25,8.20514E-25,8.00E-25,4.17E-24,5.43E-23,3.37E-23,4.39E-23,4.64341E-23,1.00E-05,1.09E+01
4.75009E-27,4.64521E-27,4.68177E-27,1.87376E-26,1.70361E-25,1.65E-25,7.40E-25,9.44E-24,5.86E-24,7.48E-24,7.50678E-24,1.00E-05,1.10E+01
8.18575E-20,7.32828E-20,6.65403E-20,5.54954E-20,3.6056E-20,3.77E-20,5.57E-21,1.18E-20,7.32E-21,4.50E-21,2.49563E-21,1.00E-04,6.00E+00
8.80564E-20,7.91763E-20,7.21002E-20,6.02882E-20,3.92997E-20,4.11E-20,6.06E-21,1.27E-20,7.89E-21,4.81E-21,2.63331E-21,1.00E-04,6.10E+00
9.14273E-20,8.24404E-20,7.52253E-20,6.30368E-20,4.12123E-20,4.30E-20,6.35E-21,1.33E-20,8.26E-21,5.00E-21,2.71973E-21,1.00E-04,6.20E+00
1.02563E-19,9.33401E-20,8.5863E-20,7.29282E-20,4.91528E-20,5.12E-20,9.08E-21,2.09E-20,1.30E-20,8.47E-21,4.72948E-21,1.00E-04,6.30E+00
1.10779E-19,1.03351E-19,9.70075E-20,8.64975E-20,6.61513E-20,6.81E-20,2.23E-20,6.07E-20,3.77E-20,2.71E-20,1.56485E-20,1.00E-04,6.40E+00
8.87248E-20,8.2965E-20,7.80187E-20,6.99881E-20,5.4807E-20,5.63E-20,2.34E-20,6.89E-20,4.28E-20,3.25E-20,1.93249E-20,1.00E-04,6.50E+00
7.30439E-20,6.80334E-20,6.38883E-20,5.69398E-20,4.3944E-20,4.52E-20,1.92E-20,6.10E-20,3.79E-20,3.06E-20,1.94376E-20,1.00E-04,6.60E+00
5.90075E-20,5.47158E-20,5.12133E-20,4.50979E-20,3.38329E-20,3.49E-20,1.20E-20,4.52E-20,2.80E-20,2.59E-20,2.08921E-20,1.00E-04,6.70E+00
4.71982E-20,4.38961E-20,4.11661E-20,3.62554E-20,2.72305E-20,2.80E-20,8.29E-21,2.90E-20,1.80E-20,1.64E-20,1.34438E-20,1.00E-04,6.80E+00
3.77457E-20,3.50367E-20,3.28799E-20,2.89891E-20,2.1559E-20,2.22E-20,5.53E-21,1.65E-20,1.02E-20,8.40E-21,6.31811E-21,1.00E-04,6.90E+00
2.84083E-20,2.64011E-20,2.48607E-20,2.20414E-20,1.66062E-20,1.71E-20,4.15E-21,1.16E-20,7.22E-21,5.65E-21,4.08359E-21,1.00E-04,7.00E+00
2.13286E-20,1.99181E-20,1.88495E-20,1.68438E-20,1.27919E-20,1.32E-20,3.15E-21,8.14E-21,5.05E-21,3.67E-21,2.43195E-21,1.00E-04,7.10E+00
1.56671E-20,1.47074E-20,1.39532E-20,1.25035E-20,9.54335E-21,9.84E-21,2.38E-21,6.05E-21,3.76E-21,2.68E-21,1.75426E-21,1.00E-04,7.20E+00
1.19412E-20,1.12412E-20,1.06829E-20,9.62161E-21,7.50651E-21,7.72E-21,1.97E-21,5.05E-21,3.14E-21,2.24E-21,1.45967E-21,1.00E-04,7.30E+00
8.88141E-21,8.33427E-21,7.91378E-21,7.18015E-21,5.72576E-21,5.88E-21,1.61E-21,4.13E-21,2.57E-21,1.83E-21,1.17124E-21,1.00E-04,7.40E+00
7.09557E-21,6.68474E-21,6.35152E-21,5.78266E-21,4.66268E-21,4.79E-21,1.40E-21,3.68E-21,2.28E-21,1.65E-21,1.07232E-21,1.00E-04,7.50E+00
5.81544E-21,5.50856E-21,5.25002E-21,4.82539E-21,3.96494E-21,4.07E-21,1.30E-21,3.54E-21,2.20E-21,1.63E-21,1.08628E-21,1.00E-04,7.60E+00
4.61102E-21,4.39546E-21,4.20608E-21,3.91046E-21,3.28254E-21,3.36E-21,1.16E-21,3.25E-21,2.02E-21,1.54E-21,1.06127E-21,1.00E-04,7.70E+00
3.52424E-21,3.38112E-21,3.24858E-21,3.05966E-21,2.63981E-21,2.69E-21,1.05E-21,3.13E-21,1.94E-21,1.59E-21,1.20151E-21,1.00E-04,7.80E+00
2.92503E-21,2.84144E-21,2.75273E-21,2.65151E-21,2.38261E-21,2.42E-21,1.10E-21,4.62E-21,2.87E-21,3.08E-21,3.07998E-21,1.00E-04,7.90E+00
2.27186E-21,2.22227E-21,2.1619E-21,2.10938E-21,1.94403E-21,1.97E-21,9.42E-22,2.85E-21,1.77E-21,1.41E-21,9.73146E-22,1.00E-04,8.00E+00
1.7073E-21,1.68278E-21,1.6447E-21,1.62662E-21,1.54313E-21,1.56E-21,8.82E-22,4.09E-21,2.54E-21,2.78E-21,2.79089E-21,1.00E-04,8.10E+00
1.30338E-21,1.29993E-21,1.27996E-21,1.29011E-21,1.2724E-21,1.28E-21,8.62E-22,5.11E-21,3.17E-21,3.88E-21,4.22974E-21,1.00E-04,8.20E+00
9.55285E-22,9.59137E-22,9.48052E-22,9.64992E-22,9.70185E-22,9.78E-22,6.71E-22,3.48E-21,2.16E-21,2.49E-21,2.59621E-21,1.00E-04,8.30E+00
7.5754E-22,7.78221E-22,7.79191E-22,8.16584E-22,8.72953E-22,8.76E-22,7.38E-22,4.06E-21,2.52E-21,2.96E-21,3.11879E-21,1.00E-04,8.40E+00
5.30635E-22,5.50881E-22,5.55962E-22,5.90348E-22,6.4955E-22,6.50E-22,5.91E-22,3.05E-21,1.89E-21,2.13E-21,2.15225E-21,1.00E-04,8.50E+00
3.68447E-22,3.96559E-22,4.08868E-22,4.49941E-22,5.33438E-22,5.32E-22,6.16E-22,3.67E-21,2.28E-21,2.73E-21,2.89952E-21,1.00E-04,8.60E+00
2.4533E-22,2.6503E-22,2.75723E-22,3.06832E-22,3.69638E-22,3.68E-22,4.17E-22,2.25E-21,1.40E-21,1.58E-21,1.5777E-21,1.00E-04,8.70E+00
1.74887E-22,1.93347E-22,2.06569E-22,2.39059E-22,3.10798E-22,3.09E-22,4.14E-22,2.51E-21,1.56E-21,1.81E-21,1.85118E-21,1.00E-04,8.80E+00
1.33875E-22,1.51509E-22,1.64401E-22,1.93349E-22,2.57854E-22,2.56E-22,3.59E-22,2.18E-21,1.35E-21,1.56E-21,1.57608E-21,1.00E-04,8.90E+00
9.4884E-23,1.11634E-22,1.25872E-22,1.53664E-22,2.17136E-22,2.15E-22,3.59E-22,2.56E-21,1.59E-21,1.92E-21,2.0291E-21,1.00E-04,9.00E+00
6.17255E-23,7.27627E-23,7.97857E-23,9.56148E-23,1.32223E-22,1.31E-22,1.96E-22,1.30E-21,8.08E-22,9.45E-22,9.64728E-22,1.00E-04,9.10E+00
3.71981E-23,4.58089E-23,5.17456E-23,6.46107E-23,9.87175E-23,9.79E-23,1.77E-22,1.33E-21,8.25E-22,9.80E-22,1.00706E-21,1.00E-04,9.20E+00
2.21098E-23,2.86438E-23,3.42415E-23,4.50791E-23,7.36253E-23,7.29E-23,1.42E-22,1.08E-21,6.69E-22,7.91E-22,8.06464E-22,1.00E-04,9.30E+00
1.23912E-23,1.69395E-23,2.19983E-23,3.11282E-23,5.53064E-23,5.47E-23,1.17E-22,9.59E-22,5.95E-22,7.16E-22,7.41605E-22,1.00E-04,9.40E+00
5.82044E-24,8.67145E-24,1.32514E-23,2.12836E-23,4.25828E-23,4.20E-23,9.58E-23,7.90E-22,4.90E-22,5.86E-22,6.00693E-22,1.00E-04,9.50E+00
2.63268E-24,4.20667E-24,8.01814E-24,1.50043E-23,3.29014E-23,3.24E-23,7.75E-23,6.69E-22,4.15E-22,5.01E-22,5.17926E-22,1.00E-04,9.60E+00
1.15949E-24,2.01845E-24,4.73585E-24,1.05475E-23,2.50387E-23,2.46E-23,5.21E-23,4.09E-22,2.54E-22,2.94E-22,2.90927E-22,1.00E-04,9.70E+00
1.08125E-24,1.5963E-24,2.99176E-24,7.14018E-24,1.84085E-23,1.81E-23,4.58E-23,4.32E-22,2.68E-22,3.30E-22,3.47062E-22,1.00E-04,9.80E+00
1.88019E-24,2.28433E-24,3.22059E-24,6.81146E-24,1.74217E-23,1.72E-23,4.25E-23,4.06E-22,2.52E-22,3.09E-22,3.23848E-22,1.00E-04,9.90E+00
2.5396E-24,2.81428E-24,3.42208E-24,6.34569E-24,1.46092E-23,1.44E-23,2.72E-23,2.29E-22,1.42E-22,1.67E-22,1.66176E-22,1.00E-04,1.00E+01
3.43851E-24,3.5424E-24,3.7653E-24,5.49836E-24,1.21661E-23,1.21E-23,3.51E-23,3.94E-22,2.45E-22,3.14E-22,3.41264E-22,1.00E-04,1.01E+01
2.33956E-24,2.32277E-24,2.35438E-24,3.1213E-24,6.45552E-24,6.45E-24,1.60E-23,1.73E-22,1.07E-22,1.35E-22,1.42945E-22,1.00E-04,1.02E+01
2.32456E-24,2.25416E-24,2.21577E-24,2.66447E-24,5.18601E-24,5.21E-24,1.33E-23,1.47E-22,9.10E-23,1.15E-22,1.22337E-22,1.00E-04,1.03E+01
2.35462E-24,2.24236E-24,2.16579E-24,2.47184E-24,4.66087E-24,4.70E-24,1.30E-23,1.52E-22,9.44E-23,1.22E-22,1.31404E-22,1.00E-04,1.04E+01
2.21891E-24,2.07252E-24,1.97979E-24,2.3632E-24,5.44299E-24,5.49E-24,1.78E-23,2.13E-22,1.32E-22,1.71E-22,1.85735E-22,1.00E-04,1.05E+01
1.80334E-24,1.66897E-24,1.57822E-24,1.55528E-24,2.30003E-24,2.35E-24,8.33E-24,1.11E-22,6.88E-23,9.17E-23,1.01692E-22,1.00E-04,1.06E+01
1.74653E-24,1.59387E-24,1.47338E-24,1.34658E-24,1.79169E-24,1.83E-24,5.71E-24,7.45E-23,4.62E-23,6.10E-23,6.65108E-23,1.00E-04,1.07E+01
9.91491E-25,8.94891E-25,8.19561E-25,8.40992E-25,2.14267E-24,2.19E-24,1.11E-23,1.47E-22,9.10E-23,1.20E-22,1.32824E-22,1.00E-04,1.08E+01
3.64933E-25,3.25479E-25,2.94788E-25,2.8074E-25,5.79312E-25,5.92E-25,2.89E-24,3.96E-23,2.46E-23,3.27E-23,3.55496E-23,1.00E-04,1.09E+01
2.8801E-25,2.56743E-25,2.32104E-25,2.01066E-25,2.74172E-25,2.84E-25,1.33E-24,1.82E-23,1.13E-23,1.51E-23,1.65945E-23,1.00E-04,1.10E+01
8.4841E-20,7.67068E-20,7.02029E-20,5.89249E-20,3.87418E-20,4.04E-20,6.07E-21,1.27E-20,7.85E-21,4.73E-21,2.55305E-21,1.00E-03,6.00E+00
9.35939E-20,8.50983E-20,7.81368E-20,6.57225E-20,4.33196E-20,4.52E-20,6.76E-21,1.41E-20,8.74E-21,5.24E-21,2.80682E-21,1.00E-03,6.10E+00
1.02045E-19,9.31709E-20,8.59814E-20,7.2717E-20,4.82877E-20,5.04E-20,7.58E-21,1.58E-20,9.84E-21,5.89E-21,3.14557E-21,1.00E-03,6.20E+00
1.23968E-19,1.14187E-19,1.07091E-19,9.2832E-20,6.47126E-20,6.73E-20,1.29E-20,4.43E-20,2.75E-20,2.52E-20,2.21099E-20,1.00E-03,6.30E+00
1.20504E-19,1.11288E-19,1.04875E-19,9.15061E-20,6.48637E-20,6.73E-20,1.48E-20,7.48E-20,4.64E-20,5.15E-20,5.21882E-20,1.00E-03,6.40E+00
9.74075E-20,9.00723E-20,8.48904E-20,7.42385E-20,5.31708E-20,5.51E-20,1.18E-20,4.29E-20,2.67E-20,2.52E-20,2.24794E-20,1.00E-03,6.50E+00
7.66563E-20,7.14456E-20,6.78121E-20,6.05846E-20,4.6023E-20,4.74E-20,1.55E-20,4.82E-20,2.99E-20,2.45E-20,1.72205E-20,1.00E-03,6.60E+00
5.91962E-20,5.49296E-20,5.21951E-20,4.65156E-20,3.52177E-20,3.63E-20,1.38E-20,4.94E-20,3.06E-20,2.74E-20,2.10344E-20,1.00E-03,6.70E+00
4.38703E-20,4.04479E-20,3.85377E-20,3.43285E-20,2.59285E-20,2.67E-20,1.01E-20,5.19E-20,3.22E-20,3.57E-20,3.53032E-20,1.00E-03,6.80E+00
3.42602E-20,3.1542E-20,3.0153E-20,2.69247E-20,2.03969E-20,2.10E-20,6.98E-21,3.25E-20,2.02E-20,2.20E-20,2.18629E-20,1.00E-03,6.90E+00
2.54901E-20,2.36876E-20,2.27081E-20,2.0366E-20,1.58087E-20,1.62E-20,5.55E-21,2.37E-20,1.47E-20,1.52E-20,1.45331E-20,1.00E-03,7.00E+00
1.90826E-20,1.7909E-20,1.71979E-20,1.55669E-20,1.26919E-20,1.30E-20,4.46E-21,1.60E-20,9.94E-21,9.26E-21,8.03826E-21,1.00E-03,7.10E+00
1.40496E-20,1.32086E-20,1.26616E-20,1.15057E-20,9.67394E-21,9.90E-21,3.38E-21,1.08E-20,6.70E-21,5.72E-21,4.511E-21,1.00E-03,7.20E+00
1.03276E-20,9.70917E-21,9.30354E-21,8.50461E-21,7.22545E-21,7.39E-21,2.49E-21,7.60E-21,4.72E-21,3.85E-21,2.8817E-21,1.00E-03,7.30E+00
8.03603E-21,7.51064E-21,7.21146E-21,6.60341E-21,5.54124E-21,5.68E-21,2.05E-21,7.00E-21,4.34E-21,3.88E-21,3.23232E-21,1.00E-03,7.40E+00
6.34016E-21,5.98427E-21,5.77439E-21,5.38506E-21,4.66153E-21,4.76E-21,2.04E-21,7.33E-21,4.55E-21,4.16E-21,3.49711E-21,1.00E-03,7.50E+00
4.96553E-21,4.72999E-21,4.57749E-21,4.32725E-21,3.82851E-21,3.90E-21,1.86E-21,6.78E-21,4.21E-21,3.86E-21,3.20227E-21,1.00E-03,7.60E+00
3.84138E-21,3.68377E-21,3.56859E-21,3.40471E-21,3.05848E-21,3.11E-21,1.62E-21,6.04E-21,3.75E-21,3.46E-21,2.85084E-21,1.00E-03,7.70E+00
3.08479E-21,2.98063E-21,2.89361E-21,2.78904E-21,2.5496E-21,2.59E-21,1.52E-21,5.98E-21,3.71E-21,3.55E-21,3.03603E-21,1.00E-03,7.80E+00
2.48918E-21,2.41933E-21,2.35381E-21,2.29144E-21,2.12075E-21,2.15E-21,1.36E-21,6.81E-21,4.22E-21,4.85E-21,5.11463E-21,1.00E-03,7.90E+00
1.92717E-21,1.89157E-21,1.85182E-21,1.83795E-21,1.75775E-21,1.78E-21,1.35E-21,7.60E-21,4.72E-21,5.58E-21,5.97923E-21,1.00E-03,8.00E+00
1.46033E-21,1.4422E-21,1.41698E-21,1.43085E-21,1.4039E-21,1.42E-21,1.13E-21,6.05E-21,3.76E-21,4.19E-21,4.18945E-21,1.00E-03,8.10E+00
1.10063E-21,1.09826E-21,1.0832E-21,1.11493E-21,1.12905E-21,1.14E-21,1.03E-21,7.01E-21,4.35E-21,5.41E-21,6.03845E-21,1.00E-03,8.20E+00
7.97718E-22,8.06736E-22,8.00483E-22,8.42005E-22,8.86977E-22,8.94E-22,9.02E-22,6.46E-21,4.01E-21,5.04E-21,5.68031E-21,1.00E-03,8.30E+00
5.60547E-22,5.76874E-22,5.77704E-22,6.21334E-22,6.77919E-22,6.81E-22,7.18E-22,4.97E-21,3.09E-21,3.81E-21,4.23481E-21,1.00E-03,8.40E+00
3.62822E-22,3.8118E-22,3.86724E-22,4.27757E-22,4.92119E-22,4.94E-22,5.93E-22,4.20E-21,2.60E-21,3.25E-21,3.63789E-21,1.00E-03,8.50E+00
2.54952E-22,2.73689E-22,2.81118E-22,3.16931E-22,3.77794E-22,3.78E-22,4.76E-22,3.15E-21,1.96E-21,2.35E-21,2.54001E-21,1.00E-03,8.60E+00
1.72541E-22,1.90517E-22,1.98913E-22,2.29848E-22,2.89379E-22,2.90E-22,4.16E-22,2.94E-21,1.83E-21,2.25E-21,2.49637E-21,1.00E-03,8.70E+00
1.21696E-22,1.39394E-22,1.48398E-22,1.7451E-22,2.265E-22,2.26E-22,3.44E-22,2.41E-21,1.49E-21,1.82E-21,1.9781E-21,1.00E-03,8.80E+00
8.42422E-23,1.0082E-22,1.10311E-22,1.32763E-22,1.79969E-22,1.80E-22,3.15E-22,2.35E-21,1.46E-21,1.79E-21,1.9399E-21,1.00E-03,8.90E+00
5.53278E-23,7.03794E-23,8.06199E-23,1.00439E-22,1.43424E-22,1.44E-22,3.02E-22,2.59E-21,1.61E-21,2.06E-21,2.31927E-21,1.00E-03,9.00E+00
3.06113E-23,4.15451E-23,5.217E-23,6.89389E-23,1.08406E-22,1.09E-22,3.30E-22,3.54E-21,2.19E-21,2.93E-21,3.39692E-21,1.00E-03,9.10E+00
1.51268E-23,2.16937E-23,3.157E-23,4.54936E-23,7.40433E-23,7.43E-23,1.97E-22,1.87E-21,1.16E-21,1.50E-21,1.70487E-21,1.00E-03,9.20E+00
5.87493E-24,8.90176E-24,1.61061E-23,2.74852E-23,5.02653E-23,5.06E-23,1.40E-22,1.28E-21,7.91E-22,9.96E-22,1.09846E-21,1.00E-03,9.30E+00
1.95916E-24,3.21326E-24,7.41035E-24,1.60122E-23,3.41733E-23,3.46E-23,1.07E-22,1.04E-21,6.47E-22,8.18E-22,9.04315E-22,1.00E-03,9.40E+00
8.91644E-25,1.49292E-24,3.80852E-24,9.97971E-24,2.42166E-23,2.47E-23,8.44E-23,8.58E-22,5.33E-22,6.76E-22,7.47101E-22,1.00E-03,9.50E+00
4.22593E-25,7.35708E-25,2.08184E-24,6.64037E-24,1.81001E-23,1.85E-23,6.66E-23,6.95E-22,4.31E-22,5.49E-22,6.07381E-22,1.00E-03,9.60E+00
1.66567E-25,3.27294E-25,1.08051E-24,4.34131E-24,1.28084E-23,1.31E-23,4.07E-23,3.93E-22,2.44E-22,3.02E-22,3.25526E-22,1.00E-03,9.70E+00
1.18545E-25,1.89879E-25,5.21675E-25,2.5297E-24,9.0821E-24,9.46E-24,4.06E-23,4.51E-22,2.80E-22,3.59E-22,3.9707E-22,1.00E-03,9.80E+00
7.35429E-26,1.1082E-25,3.14989E-25,1.88504E-24,7.55997E-24,7.92E-24,3.66E-23,4.18E-22,2.60E-22,3.36E-22,3.75499E-22,1.00E-03,9.90E+00
2.59686E-26,4.56E-26,1.56408E-25,1.18526E-24,5.05063E-24,5.28E-24,2.09E-23,2.19E-22,1.36E-22,1.70E-22,1.8224E-22,1.00E-03,1.00E+01
9.26384E-26,1.27827E-25,2.63578E-25,1.19483E-24,5.2933E-24,5.63E-24,3.24E-23,3.91E-22,2.42E-22,3.19E-22,3.62488E-22,1.00E-03,1.01E+01
3.12929E-25,4.03761E-25,4.8846E-25,8.85713E-25,2.61501E-24,2.73E-24,1.29E-23,1.44E-22,8.95E-23,1.16E-22,1.27759E-22,1.00E-03,1.02E+01
1.41652E-24,1.51112E-24,1.55366E-24,1.9038E-24,3.33013E-24,3.44E-24,1.31E-23,1.55E-22,9.64E-23,1.27E-22,1.44077E-22,1.00E-03,1.03E+01
1.43937E-24,1.42801E-24,1.40318E-24,1.55175E-24,2.51935E-24,2.63E-24,9.89E-24,1.20E-22,7.45E-23,9.84E-23,1.10425E-22,1.00E-03,1.04E+01
1.72755E-24,1.64871E-24,1.59167E-24,1.6602E-24,2.59221E-24,2.72E-24,9.72E-24,1.16E-22,7.20E-23,9.45E-23,1.05402E-22,1.00E-03,1.05E+01
2.10347E-24,1.93245E-24,1.8169E-24,1.70198E-24,2.46745E-24,2.64E-24,1.39E-23,1.91E-22,1.19E-22,1.63E-22,1.90416E-22,1.00E-03,1.06E+01
9.10507E-25,8.1733E-25,7.4955E-25,6.58227E-25,8.83202E-25,9.47E-25,4.98E-24,6.99E-23,4.34E-23,5.96E-23,6.86834E-23,1.00E-03,1.07E+01
1.09577E-24,9.98901E-25,9.19168E-25,7.89711E-25,9.59739E-25,1.03E-24,5.36E-24,7.53E-23,4.67E-23,6.41E-23,7.41151E-23,1.00E-03,1.08E+01
6.95522E-25,6.2232E-25,5.63253E-25,4.90804E-25,8.00854E-25,8.89E-25,7.90E-24,1.18E-22,7.29E-23,1.02E-22,1.20201E-22,1.00E-03,1.09E+01
2.29899E-29,2.90445E-29,4.79565E-29,2.04659E-27,3.68856E-26,4.05E-26,4.19E-25,6.09E-24,3.78E-24,5.17E-24,5.71285E-24,1.00E-03,1.10E+01
8.63933E-20,7.86177E-20,7.24093E-20,6.10727E-20,4.02872E-20,4.21E-20,6.36E-21,1.33E-20,8.28E-21,4.98E-21,2.66763E-21,2.00E-03,6.00E+00
9.64198E-20,8.81987E-20,8.16641E-20,6.91016E-20,4.57822E-20,4.78E-20,7.21E-21,1.51E-20,9.37E-21,5.61E-21,2.99545E-21,2.00E-03,6.10E+00
1.10037E-19,1.01016E-19,9.4388E-20,8.07626E-20,5.43172E-20,5.66E-20,8.68E-21,1.83E-20,1.14E-20,6.82E-21,3.63555E-21,2.00E-03,6.20E+00
1.32771E-19,1.22923E-19,1.16743E-19,1.02666E-19,7.32497E-20,7.60E-20,1.62E-20,6.09E-20,3.78E-20,3.59E-20,3.17687E-20,2.00E-03,6.30E+00
1.28782E-19,1.19398E-19,1.13737E-19,1.00609E-19,7.30437E-20,7.58E-20,1.66E-20,7.79E-20,4.84E-20,5.23E-20,5.20917E-20,2.00E-03,6.40E+00
9.95086E-20,9.18618E-20,8.70732E-20,7.65818E-20,5.46416E-20,5.67E-20,1.15E-20,4.17E-20,2.59E-20,2.44E-20,2.17719E-20,2.00E-03,6.50E+00
7.79751E-20,7.19567E-20,6.85971E-20,6.09441E-20,4.45776E-20,4.61E-20,1.05E-20,2.98E-20,1.85E-20,1.45E-20,1.03465E-20,2.00E-03,6.60E+00
6.07223E-20,5.59877E-20,5.38442E-20,4.87086E-20,3.69742E-20,3.81E-20,1.22E-20,4.14E-20,2.57E-20,2.27E-20,1.78739E-20,2.00E-03,6.70E+00
4.44055E-20,4.06448E-20,3.9137E-20,3.52893E-20,2.67977E-20,2.76E-20,9.59E-21,4.99E-20,3.10E-20,3.55E-20,3.64883E-20,2.00E-03,6.80E+00
3.36293E-20,3.0725E-20,2.95444E-20,2.64708E-20,2.01877E-20,2.08E-20,6.78E-21,3.64E-20,2.26E-20,2.68E-20,2.88893E-20,2.00E-03,6.90E+00
2.45006E-20,2.25507E-20,2.16804E-20,1.93238E-20,1.50488E-20,1.55E-20,5.20E-21,2.75E-20,1.71E-20,2.00E-20,2.13997E-20,2.00E-03,7.00E+00
1.77528E-20,1.64245E-20,1.58058E-20,1.42464E-20,1.17536E-20,1.21E-20,4.69E-21,2.00E-20,1.24E-20,1.30E-20,1.24195E-20,2.00E-03,7.10E+00
1.30142E-20,1.21141E-20,1.16584E-20,1.05965E-20,9.03841E-21,9.25E-21,3.47E-21,1.32E-20,8.20E-21,7.96E-21,7.20311E-21,2.00E-03,7.20E+00
9.85629E-21,9.19248E-21,8.91016E-21,8.22888E-21,7.04715E-21,7.21E-21,2.65E-21,9.69E-21,6.01E-21,5.70E-21,5.09136E-21,2.00E-03,7.30E+00
7.56696E-21,7.04137E-21,6.83416E-21,6.31783E-21,5.36966E-21,5.50E-21,2.18E-21,8.92E-21,5.54E-21,5.59E-21,5.27018E-21,2.00E-03,7.40E+00
5.89438E-21,5.54267E-21,5.39315E-21,5.05634E-21,4.4024E-21,4.50E-21,2.12E-21,9.12E-21,5.66E-21,5.82E-21,5.49339E-21,2.00E-03,7.50E+00
4.56467E-21,4.33244E-21,4.22028E-21,4.00423E-21,3.55405E-21,3.63E-21,1.92E-21,8.47E-21,5.26E-21,5.39E-21,4.99643E-21,2.00E-03,7.60E+00
3.55162E-21,3.39363E-21,3.30417E-21,3.16244E-21,2.83769E-21,2.89E-21,1.59E-21,7.44E-21,4.62E-21,4.82E-21,4.51759E-21,2.00E-03,7.70E+00
2.87717E-21,2.77274E-21,2.70597E-21,2.63297E-21,2.42553E-21,2.47E-21,1.54E-21,7.21E-21,4.47E-21,4.66E-21,4.32706E-21,2.00E-03,7.80E+00
2.33292E-21,2.26723E-21,2.21206E-21,2.17757E-21,2.03127E-21,2.06E-21,1.27E-21,7.17E-21,4.45E-21,5.31E-21,5.79334E-21,2.00E-03,7.90E+00
1.80398E-21,1.77416E-21,1.73652E-21,1.74133E-21,1.67181E-21,1.69E-21,1.20E-21,7.79E-21,4.83E-21,6.01E-21,6.76202E-21,2.00E-03,8.00E+00
1.36325E-21,1.35666E-21,1.33357E-21,1.36106E-21,1.34195E-21,1.35E-21,1.04E-21,6.52E-21,4.04E-21,4.79E-21,5.12425E-21,2.00E-03,8.10E+00
1.04855E-21,1.05777E-21,1.04624E-21,1.08959E-21,1.10803E-21,1.12E-21,9.56E-22,6.78E-21,4.21E-21,5.40E-21,6.24906E-21,2.00E-03,8.20E+00
7.52846E-22,7.71128E-22,7.69202E-22,8.19577E-22,8.6485E-22,8.69E-22,8.34E-22,5.67E-21,3.52E-21,4.36E-21,4.88477E-21,2.00E-03,8.30E+00
5.20446E-22,5.44346E-22,5.49571E-22,6.01286E-22,6.62084E-22,6.64E-22,7.07E-22,4.86E-21,3.01E-21,3.80E-21,4.33927E-21,2.00E-03,8.40E+00
3.32909E-22,3.56278E-22,3.64945E-22,4.08697E-22,4.70486E-22,4.72E-22,6.00E-22,4.60E-21,2.85E-21,3.77E-21,4.46911E-21,2.00E-03,8.50E+00
2.33814E-22,2.57539E-22,2.68445E-22,3.0684E-22,3.64597E-22,3.65E-22,4.74E-22,3.18E-21,1.97E-21,2.45E-21,2.75761E-21,2.00E-03,8.60E+00
1.43515E-22,1.6377E-22,1.74936E-22,2.05076E-22,2.56487E-22,2.57E-22,4.16E-22,3.28E-21,2.04E-21,2.65E-21,3.08485E-21,2.00E-03,8.70E+00
9.53231E-23,1.14489E-22,1.26403E-22,1.52703E-22,1.98855E-22,1.99E-22,3.36E-22,2.49E-21,1.54E-21,1.95E-21,2.20828E-21,2.00E-03,8.80E+00
5.98188E-23,7.64584E-23,8.88783E-23,1.11369E-22,1.5312E-22,1.53E-22,3.19E-22,2.82E-21,1.75E-21,2.32E-21,2.72603E-21,2.00E-03,8.90E+00
3.54629E-23,4.87748E-23,6.23747E-23,8.26239E-23,1.21181E-22,1.22E-22,2.88E-22,2.55E-21,1.59E-21,2.07E-21,2.38167E-21,2.00E-03,9.00E+00
1.76776E-23,2.61732E-23,3.96154E-23,5.78325E-23,9.29059E-23,9.37E-23,2.68E-22,2.67E-21,1.66E-21,2.22E-21,2.60191E-21,2.00E-03,9.10E+00
7.59259E-24,1.13554E-23,2.09967E-23,3.64224E-23,6.49628E-23,6.59E-23,2.26E-22,2.58E-21,1.60E-21,2.21E-21,2.66684E-21,2.00E-03,9.20E+00
2.95484E-24,4.46884E-24,9.59353E-24,2.07804E-23,4.2052E-23,4.29E-23,1.42E-22,1.44E-21,8.95E-22,1.17E-21,1.33802E-21,2.00E-03,9.30E+00
1.39112E-24,2.09586E-24,4.51981E-24,1.18027E-23,2.76644E-23,2.85E-23,1.03E-22,1.07E-21,6.66E-22,8.68E-22,9.89448E-22,2.00E-03,9.40E+00
3.96315E-25,6.69337E-25,1.8095E-24,6.41789E-24,1.81203E-23,1.89E-23,7.71E-23,8.38E-22,5.20E-22,6.80E-22,7.75862E-22,2.00E-03,9.50E+00
1.70395E-25,3.10479E-25,9.18E-25,4.04459E-24,1.27982E-23,1.34E-23,5.24E-23,5.55E-22,3.45E-22,4.46E-22,5.04519E-22,2.00E-03,9.60E+00
1.0314E-25,1.69354E-25,4.97817E-25,2.53776E-24,9.09605E-24,9.64E-24,4.64E-23,5.31E-22,3.30E-22,4.34E-22,4.96033E-22,2.00E-03,9.70E+00
8.48853E-26,1.21273E-25,2.83991E-25,1.62207E-24,6.73842E-24,7.23E-24,3.90E-23,4.60E-22,2.85E-22,3.77E-22,4.31185E-22,2.00E-03,9.80E+00
1.9122E-26,3.70574E-26,1.32055E-25,1.1048E-24,5.03137E-24,5.40E-24,2.56E-23,2.78E-22,1.73E-22,2.21E-22,2.44329E-22,2.00E-03,9.90E+00
4.2424E-26,4.70951E-26,8.36854E-26,6.37996E-25,3.49737E-24,3.84E-24,2.45E-23,3.02E-22,1.87E-22,2.50E-22,2.87011E-22,2.00E-03,1.00E+01
9.12747E-27,1.42496E-26,4.49939E-26,5.51521E-25,3.20332E-24,3.50E-24,1.94E-23,2.21E-22,1.37E-22,1.77E-22,1.97327E-22,2.00E-03,1.01E+01
3.95551E-26,3.93581E-26,4.66897E-26,2.06903E-25,1.64869E-24,1.89E-24,2.00E-23,2.78E-22,1.73E-22,2.39E-22,2.83615E-22,2.00E-03,1.02E+01
2.99249E-26,4.8954E-26,9.51375E-26,2.77149E-25,1.32059E-24,1.45E-24,1.14E-23,1.45E-22,9.01E-23,1.22E-22,1.42096E-22,2.00E-03,1.03E+01
4.07887E-25,4.83937E-25,5.31101E-25,7.05596E-25,1.54665E-24,1.64E-24,9.09E-24,1.12E-22,6.97E-23,9.43E-23,1.08579E-22,2.00E-03,1.04E+01
8.7636E-25,9.14091E-25,9.21693E-25,1.05492E-24,1.75532E-24,1.85E-24,8.37E-24,1.06E-22,6.59E-23,8.94E-23,1.03268E-22,2.00E-03,1.05E+01
1.18996E-24,1.16099E-24,1.13138E-24,1.17391E-24,1.94018E-24,2.10E-24,1.37E-23,1.94E-22,1.20E-22,1.69E-22,2.04048E-22,2.00E-03,1.06E+01
1.64448E-24,1.515E-24,1.43615E-24,1.28688E-24,1.34188E-24,1.42E-24,5.92E-24,8.71E-23,5.41E-23,7.70E-23,9.27224E-23,2.00E-03,1.07E+01
5.68961E-25,5.15328E-25,4.78157E-25,4.09887E-25,5.10266E-25,5.55E-25,3.73E-24,5.57E-23,3.46E-23,4.87E-23,5.75468E-23,2.00E-03,1.08E+01
7.85902E-25,7.19236E-25,6.68793E-25,5.7442E-25,7.31094E-25,8.15E-25,7.40E-24,1.16E-22,7.17E-23,1.03E-22,1.25734E-22,2.00E-03,1.09E+01
2.78918E-25,2.46356E-25,2.2429E-25,1.91627E-25,1.67983E-25,1.82E-25,1.11E-24,1.78E-23,1.10E-23,1.59E-23,1.92414E-23,2.00E-03,1.10E+01
8.76445E-20,7.98094E-20,7.39187E-20,6.27093E-20,4.17927E-20,4.36E-20,6.64E-21,1.39E-20,8.63E-21,5.18E-21,2.76594E-21,3.00E-03,6.00E+00
1.00841E-19,9.23234E-20,8.62141E-20,7.35449E-20,4.92414E-20,5.14E-20,7.79E-21,1.63E-20,1.01E-20,6.06E-21,3.2371E-21,3.00E-03,6.10E+00
1.17446E-19,1.07853E-19,1.01709E-19,8.79714E-20,6.0043E-20,6.25E-20,9.73E-21,2.06E-20,1.28E-20,7.69E-21,4.10167E-21,3.00E-03,6.20E+00
1.39311E-19,1.289E-19,1.23516E-19,1.09989E-19,7.98911E-20,8.29E-20,1.83E-20,6.77E-20,4.20E-20,3.92E-20,3.35895E-20,3.00E-03,6.30E+00
1.31879E-19,1.22289E-19,1.1761E-19,1.05639E-19,7.88432E-20,8.17E-20,2.11E-20,1.16E-19,7.19E-20,7.96E-20,7.81043E-20,3.00E-03,6.40E+00
1.00289E-19,9.22787E-20,8.79947E-20,7.81649E-20,5.66865E-20,5.88E-20,1.14E-20,3.46E-20,2.15E-20,1.82E-20,1.48001E-20,3.00E-03,6.50E+00
7.7934E-20,7.13799E-20,6.84905E-20,6.15587E-20,4.54477E-20,4.70E-20,9.95E-21,2.75E-20,1.71E-20,1.33E-20,9.58946E-21,3.00E-03,6.60E+00
6.09091E-20,5.55315E-20,5.37069E-20,4.87678E-20,3.66877E-20,3.78E-20,8.97E-21,2.93E-20,1.82E-20,1.64E-20,1.40692E-20,3.00E-03,6.70E+00
4.45357E-20,4.05041E-20,3.92525E-20,3.57729E-20,2.75754E-20,2.84E-20,8.62E-21,4.53E-20,2.81E-20,3.33E-20,3.57697E-20,3.00E-03,6.80E+00
3.30898E-20,2.99992E-20,2.89873E-20,2.60548E-20,2.01121E-20,2.07E-20,5.89E-21,3.56E-20,2.21E-20,2.84E-20,3.2737E-20,3.00E-03,6.90E+00
2.34948E-20,2.14033E-20,2.06573E-20,1.84618E-20,1.46315E-20,1.51E-20,4.59E-21,2.84E-20,1.76E-20,2.27E-20,2.62854E-20,3.00E-03,7.00E+00
1.66684E-20,1.52244E-20,1.46387E-20,1.30536E-20,1.07772E-20,1.11E-20,4.16E-21,2.25E-20,1.40E-20,1.66E-20,1.77054E-20,3.00E-03,7.10E+00
1.21946E-20,1.12122E-20,1.08278E-20,9.80352E-21,8.37134E-21,8.59E-21,3.42E-21,1.54E-20,9.56E-21,1.04E-20,1.04627E-20,3.00E-03,7.20E+00
9.36877E-21,8.67761E-21,8.48415E-21,7.88886E-21,6.75986E-21,6.92E-21,2.55E-21,1.09E-20,6.74E-21,7.11E-21,7.07817E-21,3.00E-03,7.30E+00
7.3292E-21,6.78978E-21,6.63608E-21,6.16264E-21,5.2495E-21,5.38E-21,2.13E-21,1.01E-20,6.29E-21,6.98E-21,7.17654E-21,3.00E-03,7.40E+00
5.67824E-21,5.31394E-21,5.19989E-21,4.89197E-21,4.25694E-21,4.36E-21,2.04E-21,1.01E-20,6.28E-21,7.00E-21,7.10402E-21,3.00E-03,7.50E+00
4.39754E-21,4.16062E-21,4.07082E-21,3.88225E-21,3.45008E-21,3.52E-21,1.81E-21,9.25E-21,5.74E-21,6.36E-21,6.37263E-21,3.00E-03,7.60E+00
3.4738E-21,3.3228E-21,3.25045E-21,3.14327E-21,2.84953E-21,2.90E-21,1.56E-21,7.87E-21,4.88E-21,5.32E-21,5.23822E-21,3.00E-03,7.70E+00
2.71889E-21,2.63088E-21,2.57525E-21,2.53274E-21,2.36173E-21,2.40E-21,1.50E-21,7.73E-21,4.80E-21,5.14E-21,4.90725E-21,3.00E-03,7.80E+00
2.19459E-21,2.14668E-21,2.10441E-21,2.09799E-21,1.98372E-21,2.01E-21,1.22E-21,7.42E-21,4.61E-21,5.78E-21,6.61863E-21,3.00E-03,7.90E+00
1.75437E-21,1.73746E-21,1.70934E-21,1.73471E-21,1.68363E-21,1.70E-21,1.16E-21,7.36E-21,4.57E-21,5.71E-21,6.47402E-21,3.00E-03,8.00E+00
1.31931E-21,1.32445E-21,1.30996E-21,1.35646E-21,1.35549E-21,1.36E-21,1.05E-21,7.02E-21,4.36E-21,5.54E-21,6.37007E-21,3.00E-03,8.10E+00
9.60727E-22,9.8055E-22,9.77399E-22,1.0375E-21,1.07689E-21,1.08E-21,9.77E-22,6.91E-21,4.29E-21,5.59E-21,6.55881E-21,3.00E-03,8.20E+00
6.66555E-22,6.92408E-22,6.96935E-22,7.56163E-22,8.07921E-22,8.10E-22,7.80E-22,5.33E-21,3.31E-21,4.25E-21,4.93128E-21,3.00E-03,8.30E+00
4.67391E-22,4.9585E-22,5.05445E-22,5.61463E-22,6.2231E-22,6.23E-22,6.70E-22,4.52E-21,2.81E-21,3.60E-21,4.17568E-21,3.00E-03,8.40E+00
3.05515E-22,3.32382E-22,3.44542E-22,3.91347E-22,4.51809E-22,4.53E-22,6.00E-22,4.57E-21,2.84E-21,3.77E-21,4.48677E-21,3.00E-03,8.50E+00
1.95769E-22,2.20951E-22,2.34565E-22,2.73852E-22,3.29145E-22,3.29E-22,4.49E-22,2.91E-21,1.81E-21,2.23E-21,2.49664E-21,3.00E-03,8.60E+00
1.20382E-22,1.41943E-22,1.55621E-22,1.86972E-22,2.37004E-22,2.38E-22,4.00E-22,2.93E-21,1.82E-21,2.30E-21,2.61113E-21,3.00E-03,8.70E+00
7.32697E-23,9.22041E-23,1.06471E-22,1.32975E-22,1.76763E-22,1.77E-22,3.32E-22,2.74E-21,1.70E-21,2.30E-21,2.77136E-21,3.00E-03,8.80E+00
4.10239E-23,5.63466E-23,7.13499E-23,9.44029E-23,1.34278E-22,1.35E-22,3.08E-22,2.84E-21,1.76E-21,2.41E-21,2.89713E-21,3.00E-03,8.90E+00
2.39611E-23,3.48439E-23,5.05779E-23,7.22298E-23,1.09337E-22,1.10E-22,2.83E-22,2.73E-21,1.70E-21,2.32E-21,2.78448E-21,3.00E-03,9.00E+00
1.16265E-23,1.71006E-23,2.94773E-23,4.84913E-23,8.18723E-23,8.32E-23,2.67E-22,2.90E-21,1.80E-21,2.49E-21,3.00918E-21,3.00E-03,9.10E+00
4.50304E-24,6.75845E-24,1.4071E-23,2.91438E-23,5.5763E-23,5.69E-23,2.00E-22,2.29E-21,1.42E-21,2.00E-21,2.4377E-21,3.00E-03,9.20E+00
2.1249E-24,3.10332E-24,6.48697E-24,1.63897E-23,3.62089E-23,3.73E-23,1.30E-22,1.34E-21,8.32E-22,1.10E-21,1.28092E-21,3.00E-03,9.30E+00
9.04152E-25,1.35346E-24,2.84351E-24,8.78047E-24,2.29528E-23,2.39E-23,9.77E-23,1.09E-21,6.75E-22,9.09E-22,1.07086E-21,3.00E-03,9.40E+00
3.15614E-25,5.03655E-25,1.16521E-24,4.65706E-24,1.47988E-23,1.57E-23,7.36E-23,8.45E-22,5.25E-22,7.06E-22,8.2754E-22,3.00E-03,9.50E+00
1.40993E-25,2.30106E-25,5.7074E-25,2.72667E-24,1.00016E-23,1.07E-23,5.62E-23,6.63E-22,4.11E-22,5.54E-22,6.47161E-22,3.00E-03,9.60E+00
7.1285E-26,1.0513E-25,2.81491E-25,1.68841E-24,7.19798E-24,7.83E-24,4.60E-23,5.60E-22,3.47E-22,4.70E-22,5.5191E-22,3.00E-03,9.70E+00
5.51303E-26,7.93432E-26,1.72694E-25,1.13607E-24,5.49184E-24,6.03E-24,3.70E-23,4.45E-22,2.76E-22,3.69E-22,4.27619E-22,3.00E-03,9.80E+00
3.19302E-26,4.31012E-26,9.58047E-26,7.03839E-25,3.68109E-24,4.05E-24,2.34E-23,2.74E-22,1.70E-22,2.26E-22,2.59594E-22,3.00E-03,9.90E+00
3.49437E-26,3.68493E-26,5.7162E-26,4.3714E-25,2.85028E-24,3.21E-24,2.39E-23,3.04E-22,1.88E-22,2.56E-22,3.00685E-22,3.00E-03,1.00E+01
1.15806E-26,1.42372E-26,3.16215E-26,3.34825E-25,2.23199E-24,2.50E-24,1.64E-23,1.97E-22,1.22E-22,1.62E-22,1.85731E-22,3.00E-03,1.01E+01
4.03953E-26,3.95256E-26,4.46167E-26,1.70169E-25,1.54527E-24,1.81E-24,2.14E-23,3.07E-22,1.90E-22,2.69E-22,3.26841E-22,3.00E-03,1.02E+01
7.75667E-27,7.44363E-27,8.12279E-27,5.05138E-26,6.42802E-25,7.56E-25,8.48E-24,1.16E-22,7.22E-23,9.98E-23,1.16882E-22,3.00E-03,1.03E+01
3.26134E-27,3.3771E-27,5.35902E-27,4.79058E-26,5.7248E-25,6.69E-25,7.50E-24,1.03E-22,6.39E-23,8.85E-23,1.03729E-22,3.00E-03,1.04E+01
1.07117E-25,1.47997E-25,1.9644E-25,3.05999E-25,8.72649E-25,9.50E-25,7.38E-24,9.60E-23,5.96E-23,8.25E-23,9.66458E-23,3.00E-03,1.05E+01
5.32395E-25,5.82298E-25,6.03853E-25,7.20585E-25,1.34253E-24,1.43E-24,7.82E-24,9.93E-23,6.16E-23,8.42E-23,9.76342E-23,3.00E-03,1.06E+01
8.9681E-25,8.9146E-25,8.76166E-25,9.02684E-25,1.15243E-24,1.22E-24,8.62E-24,1.40E-22,8.68E-23,1.29E-22,1.6349E-22,3.00E-03,1.07E+01
1.23368E-24,1.12995E-24,1.07521E-24,9.68854E-25,9.2115E-25,9.65E-25,3.52E-24,5.61E-23,3.48E-23,5.14E-23,6.32716E-23,3.00E-03,1.08E+01
7.02912E-25,6.24233E-25,5.84089E-25,5.08069E-25,6.10911E-25,6.81E-25,6.84E-24,1.11E-22,6.90E-23,1.01E-22,1.25606E-22,3.00E-03,1.09E+01
1.31653E-27,1.32441E-27,1.35109E-27,1.69057E-27,1.82221E-26,2.12E-26,3.92E-25,6.23E-24,3.87E-24,5.44E-24,6.20403E-24,3.00E-03,1.10E+01
8.90915E-20,8.1045E-20,7.5289E-20,6.40056E-20,4.27362E-20,4.46E-20,6.81E-21,1.44E-20,8.94E-21,5.38E-21,2.85026E-21,4.00E-03,6.00E+00
1.0563E-19,9.67081E-20,9.08014E-20,7.78908E-20,5.24305E-20,5.47E-20,8.34E-21,1.76E-20,1.09E-20,6.53E-21,3.4646E-21,4.00E-03,6.10E+00
1.23717E-19,1.13545E-19,1.07718E-19,9.39061E-20,6.47098E-20,6.74E-20,1.06E-20,2.26E-20,1.40E-20,8.43E-21,4.4765E-21,4.00E-03,6.20E+00
1.47358E-19,1.35987E-19,1.31233E-19,1.18023E-19,8.71186E-20,9.03E-20,1.96E-20,7.03E-20,4.36E-20,3.96E-20,3.30935E-20,4.00E-03,6.30E+00
1.36379E-19,1.26464E-19,1.22361E-19,1.11516E-19,8.57438E-20,8.85E-20,2.22E-20,1.04E-19,6.42E-20,6.85E-20,6.64198E-20,4.00E-03,6.40E+00
1.01772E-19,9.3096E-20,8.92166E-20,8.01501E-20,5.90285E-20,6.11E-20,1.23E-20,3.74E-20,2.32E-20,1.97E-20,1.59264E-20,4.00E-03,6.50E+00
7.8343E-20,7.12003E-20,6.85389E-20,6.22768E-20,4.61085E-20,4.77E-20,9.81E-21,2.69E-20,1.67E-20,1.31E-20,9.66607E-21,4.00E-03,6.60E+00
6.0859E-20,5.47995E-20,5.28868E-20,4.81446E-20,3.55366E-20,3.67E-20,7.95E-21,2.61E-20,1.62E-20,1.53E-20,1.38653E-20,4.00E-03,6.70E+00
4.5429E-20,4.09345E-20,3.9607E-20,3.62287E-20,2.75759E-20,2.84E-20,7.42E-21,4.03E-20,2.50E-20,3.09E-20,3.43854E-20,4.00E-03,6.80E+00
3.3383E-20,3.00516E-20,2.90731E-20,2.6507E-20,2.04409E-20,2.11E-20,5.47E-21,3.52E-20,2.19E-20,2.99E-20,3.61503E-20,4.00E-03,6.90E+00
2.30612E-20,2.08324E-20,2.01156E-20,1.81977E-20,1.44731E-20,1.49E-20,4.16E-21,2.92E-20,1.81E-20,2.51E-20,3.06802E-20,4.00E-03,7.00E+00
1.63503E-20,1.48252E-20,1.42736E-20,1.27609E-20,1.05676E-20,1.09E-20,3.27E-21,2.29E-20,1.42E-20,1.92E-20,2.3147E-20,4.00E-03,7.10E+00
1.19484E-20,1.08741E-20,1.05494E-20,9.53395E-21,7.9302E-21,8.16E-21,2.52E-21,1.74E-20,1.08E-20,1.44E-20,1.72116E-20,4.00E-03,7.20E+00
9.04732E-21,8.35536E-21,8.22442E-21,7.69972E-21,6.61713E-21,6.78E-21,2.49E-21,1.18E-20,7.34E-21,8.29E-21,8.75194E-21,4.00E-03,7.30E+00
7.10577E-21,6.59353E-21,6.49123E-21,6.10663E-21,5.27516E-21,5.40E-21,2.16E-21,1.01E-20,6.29E-21,7.02E-21,7.25808E-21,4.00E-03,7.40E+00
5.52757E-21,5.18206E-21,5.10054E-21,4.85564E-21,4.27225E-21,4.37E-21,2.02E-21,9.92E-21,6.16E-21,6.88E-21,7.01323E-21,4.00E-03,7.50E+00
4.27972E-21,4.06101E-21,3.99443E-21,3.85577E-21,3.46895E-21,3.54E-21,1.82E-21,9.11E-21,5.66E-21,6.24E-21,6.21931E-21,4.00E-03,7.60E+00
3.3747E-21,3.24075E-21,3.18458E-21,3.11514E-21,2.85301E-21,2.90E-21,1.51E-21,7.54E-21,4.68E-21,5.13E-21,5.10663E-21,4.00E-03,7.70E+00
2.64086E-21,2.56824E-21,2.52811E-21,2.51893E-21,2.37419E-21,2.41E-21,1.47E-21,7.40E-21,4.59E-21,4.96E-21,4.80339E-21,4.00E-03,7.80E+00
2.12714E-21,2.0941E-21,2.06462E-21,2.09023E-21,2.01204E-21,2.03E-21,1.28E-21,7.14E-21,4.43E-21,5.38E-21,5.95806E-21,4.00E-03,7.90E+00
1.66757E-21,1.66465E-21,1.64662E-21,1.69715E-21,1.67557E-21,1.69E-21,1.17E-21,6.93E-21,4.30E-21,5.24E-21,5.80136E-21,4.00E-03,8.00E+00
1.2595E-21,1.27386E-21,1.26686E-21,1.33159E-21,1.34967E-21,1.36E-21,1.06E-21,6.77E-21,4.20E-21,5.35E-21,6.16502E-21,4.00E-03,8.10E+00
9.53853E-22,9.80942E-22,9.83064E-22,1.05628E-21,1.10323E-21,1.11E-21,9.45E-22,5.67E-21,3.52E-21,4.23E-21,4.61915E-21,4.00E-03,8.20E+00
6.79204E-22,7.12037E-22,7.21137E-22,7.92576E-22,8.51228E-22,8.52E-22,8.18E-22,5.87E-21,3.64E-21,4.97E-21,6.0946E-21,4.00E-03,8.30E+00
4.41982E-22,4.74379E-22,4.87595E-22,5.49117E-22,6.12541E-22,6.13E-22,7.03E-22,4.99E-21,3.10E-21,4.07E-21,4.80282E-21,4.00E-03,8.40E+00
2.86828E-22,3.16691E-22,3.31661E-22,3.82485E-22,4.42971E-22,4.43E-22,5.69E-22,3.92E-21,2.43E-21,3.14E-21,3.65341E-21,4.00E-03,8.50E+00
1.84977E-22,2.12366E-22,2.28325E-22,2.70546E-22,3.27272E-22,3.27E-22,4.74E-22,3.36E-21,2.08E-21,2.77E-21,3.30537E-21,4.00E-03,8.60E+00
1.05775E-22,1.28627E-22,1.44663E-22,1.77731E-22,2.28082E-22,2.29E-22,4.09E-22,3.18E-21,1.97E-21,2.64E-21,3.13833E-21,4.00E-03,8.70E+00
5.83355E-23,7.66647E-23,9.30957E-23,1.20423E-22,1.6418E-22,1.65E-22,3.62E-22,3.50E-21,2.17E-21,3.10E-21,3.8812E-21,4.00E-03,8.80E+00
2.98978E-23,4.31998E-23,5.99945E-23,8.39656E-23,1.23274E-22,1.24E-22,3.06E-22,2.84E-21,1.76E-21,2.43E-21,2.93547E-21,4.00E-03,8.90E+00
1.56735E-23,2.33973E-23,3.81132E-23,5.92913E-23,9.39463E-23,9.51E-23,2.85E-22,3.14E-21,1.95E-21,2.78E-21,3.45906E-21,4.00E-03,9.00E+00
7.06542E-24,1.05459E-23,2.0669E-23,3.93549E-23,7.05942E-23,7.21E-23,2.31E-22,2.37E-21,1.47E-21,2.01E-21,2.40539E-21,4.00E-03,9.10E+00
3.74482E-24,5.25629E-24,1.0358E-23,2.37739E-23,4.82305E-23,4.96E-23,1.88E-22,2.30E-21,1.43E-21,2.07E-21,2.5928E-21,4.00E-03,9.20E+00
2.00576E-24,2.82477E-24,5.224E-24,1.3851E-23,3.23938E-23,3.36E-23,1.25E-22,1.34E-21,8.34E-22,1.13E-21,1.34753E-21,4.00E-03,9.30E+00
5.74016E-25,8.78765E-25,1.88575E-24,6.68227E-24,1.95906E-23,2.07E-23,9.69E-23,1.13E-21,7.02E-22,9.66E-22,1.1583E-21,4.00E-03,9.40E+00
2.27721E-25,3.52239E-25,7.7747E-25,3.42765E-24,1.23072E-23,1.33E-23,7.17E-23,8.65E-22,5.37E-22,7.40E-22,8.85658E-22,4.00E-03,9.50E+00
1.04529E-25,1.54807E-25,3.65882E-25,1.93885E-24,8.22571E-24,9.01E-24,5.46E-23,6.71E-22,4.16E-22,5.72E-22,6.80902E-22,4.00E-03,9.60E+00
5.61304E-26,7.18408E-26,1.67745E-25,1.17765E-24,5.93079E-24,6.59E-24,4.44E-23,5.61E-22,3.48E-22,4.82E-22,5.76411E-22,4.00E-03,9.70E+00
2.23601E-26,3.42072E-26,8.86711E-26,7.85219E-25,4.39624E-24,4.89E-24,2.94E-23,3.40E-22,2.11E-22,2.81E-22,3.23026E-22,4.00E-03,9.80E+00
3.64993E-26,4.13289E-26,7.04496E-26,4.71857E-25,3.01086E-24,3.41E-24,2.72E-23,3.57E-22,2.22E-22,3.10E-22,3.71574E-22,4.00E-03,9.90E+00
3.10097E-26,3.08999E-26,4.08173E-26,3.02157E-25,2.4075E-24,2.77E-24,2.43E-23,3.22E-22,2.00E-22,2.79E-22,3.34087E-22,4.00E-03,1.00E+01
8.77517E-27,9.76145E-27,1.71165E-26,1.93726E-25,1.62837E-24,1.86E-24,1.38E-23,1.67E-22,1.04E-22,1.38E-22,1.5731E-22,4.00E-03,1.01E+01
3.44286E-26,3.32464E-26,3.67442E-26,1.48187E-25,1.45809E-24,1.72E-24,2.08E-23,3.02E-22,1.87E-22,2.69E-22,3.30905E-22,4.00E-03,1.02E+01
9.47084E-27,9.0619E-27,9.51757E-27,3.92432E-26,5.35704E-25,6.39E-25,8.22E-24,1.17E-22,7.23E-23,1.02E-22,1.20503E-22,4.00E-03,1.03E+01
5.27787E-27,4.84924E-27,4.84645E-27,2.26384E-26,4.41423E-25,5.39E-25,8.37E-24,1.25E-22,7.75E-23,1.12E-22,1.35359E-22,4.00E-03,1.04E+01
4.61713E-27,6.57431E-27,1.69373E-26,6.35532E-26,4.68704E-25,5.46E-25,6.81E-24,9.72E-23,6.03E-23,8.58E-23,1.02728E-22,4.00E-03,1.05E+01
2.57147E-25,3.13737E-25,3.55643E-25,4.5939E-25,9.42522E-25,1.01E-24,7.05E-24,9.41E-23,5.84E-23,8.24E-23,9.812E-23,4.00E-03,1.06E+01
7.20304E-25,7.50973E-25,7.57358E-25,8.36078E-25,1.19473E-24,1.27E-24,9.52E-24,1.51E-22,9.40E-23,1.41E-22,1.78267E-22,4.00E-03,1.07E+01
4.54378E-25,4.46562E-25,4.37042E-25,4.41753E-25,5.29222E-25,5.56E-25,3.52E-24,5.71E-23,3.55E-23,5.27E-23,6.49303E-23,4.00E-03,1.08E+01
9.47217E-25,8.38024E-25,7.86926E-25,6.82229E-25,6.36577E-25,6.77E-25,3.49E-24,5.79E-23,3.59E-23,5.37E-23,6.69295E-23,4.00E-03,1.09E+01
2.17697E-25,1.92633E-25,1.85512E-25,1.82503E-25,2.23712E-25,2.56E-25,3.83E-24,6.66E-23,4.13E-23,6.26E-23,8.03707E-23,4.00E-03,1.10E+01
9.40944E-20,8.61905E-20,8.09357E-20,6.93021E-20,4.65581E-20,4.86E-20,7.43E-21,1.55E-20,9.64E-21,5.77E-21,3.0732E-21,6.00E-03,6.00E+00
1.1396E-19,1.04958E-19,9.96946E-20,8.65426E-20,5.88624E-20,6.13E-20,9.42E-21,1.98E-20,1.23E-20,7.34E-21,3.89715E-21,6.00E-03,6.10E+00
1.31648E-19,1.21325E-19,1.16453E-19,1.02851E-19,7.17758E-20,7.47E-20,1.18E-20,2.50E-20,1.55E-20,9.29E-21,4.92317E-21,6.00E-03,6.20E+00
1.53776E-19,1.41716E-19,1.38204E-19,1.25453E-19,9.24086E-20,9.59E-20,1.62E-20,3.55E-20,2.20E-20,1.35E-20,7.27542E-21,6.00E-03,6.30E+00
1.41064E-19,1.30749E-19,1.28294E-19,1.18695E-19,9.27343E-20,9.58E-20,2.04E-20,5.81E-20,3.61E-20,2.85E-20,2.10465E-20,6.00E-03,6.40E+00
1.04603E-19,9.59018E-20,9.34606E-20,8.59596E-20,6.54019E-20,6.77E-20,1.38E-20,3.89E-20,2.41E-20,1.91E-20,1.41923E-20,6.00E-03,6.50E+00
8.01676E-20,7.2876E-20,7.10542E-20,6.56097E-20,4.96465E-20,5.13E-20,1.05E-20,2.75E-20,1.71E-20,1.28E-20,8.98807E-21,6.00E-03,6.60E+00
6.14083E-20,5.54101E-20,5.42635E-20,5.0285E-20,3.82465E-20,3.95E-20,8.51E-21,2.78E-20,1.73E-20,1.67E-20,1.57052E-20,6.00E-03,6.70E+00
4.46877E-20,4.01924E-20,3.93073E-20,3.61775E-20,2.77976E-20,2.87E-20,6.90E-21,3.61E-20,2.24E-20,2.87E-20,3.30455E-20,6.00E-03,6.80E+00
3.27502E-20,2.94961E-20,2.88025E-20,2.63296E-20,2.06541E-20,2.13E-20,5.22E-21,3.48E-20,2.16E-20,3.14E-20,3.98524E-20,6.00E-03,6.90E+00
2.24231E-20,2.01897E-20,1.9648E-20,1.77049E-20,1.44016E-20,1.49E-20,3.87E-21,2.87E-20,1.78E-20,2.66E-20,3.44029E-20,6.00E-03,7.00E+00
1.61753E-20,1.46563E-20,1.42936E-20,1.29209E-20,1.08356E-20,1.12E-20,3.12E-21,2.25E-20,1.40E-20,2.04E-20,2.593E-20,6.00E-03,7.10E+00
1.16862E-20,1.06056E-20,1.04802E-20,9.68345E-21,8.13635E-21,8.38E-21,2.51E-21,1.71E-20,1.06E-20,1.47E-20,1.80034E-20,6.00E-03,7.20E+00
8.78777E-21,8.09544E-21,8.06449E-21,7.65704E-21,6.65109E-21,6.82E-21,2.40E-21,1.22E-20,7.56E-21,9.14E-21,1.02363E-20,6.00E-03,7.30E+00
6.91558E-21,6.43805E-21,6.41216E-21,6.14657E-21,5.42543E-21,5.55E-21,2.22E-21,1.06E-20,6.61E-21,7.64E-21,8.20717E-21,6.00E-03,7.40E+00
5.29842E-21,4.99872E-21,4.97162E-21,4.82749E-21,4.34742E-21,4.43E-21,1.97E-21,8.88E-21,5.51E-21,6.05E-21,6.14429E-21,6.00E-03,7.50E+00
4.16583E-21,3.98204E-21,3.95625E-21,3.89194E-21,3.57795E-21,3.64E-21,1.81E-21,8.58E-21,5.32E-21,5.88E-21,5.94192E-21,6.00E-03,7.60E+00
3.26261E-21,3.16134E-21,3.14169E-21,3.14005E-21,2.9511E-21,2.99E-21,1.62E-21,7.15E-21,4.44E-21,4.68E-21,4.4987E-21,6.00E-03,7.70E+00
2.50099E-21,2.45403E-21,2.43749E-21,2.47533E-21,2.37963E-21,2.40E-21,1.45E-21,7.06E-21,4.38E-21,4.79E-21,4.74076E-21,6.00E-03,7.80E+00
1.99596E-21,1.98446E-21,1.97416E-21,2.04229E-21,2.01327E-21,2.03E-21,1.36E-21,7.62E-21,4.73E-21,6.02E-21,6.93003E-21,6.00E-03,7.90E+00
1.55999E-21,1.57457E-21,1.57062E-21,1.65228E-21,1.66265E-21,1.67E-21,1.18E-21,7.21E-21,4.47E-21,5.91E-21,7.02564E-21,6.00E-03,8.00E+00
1.14365E-21,1.1732E-21,1.1777E-21,1.26611E-21,1.30813E-21,1.31E-21,1.07E-21,7.07E-21,4.39E-21,5.91E-21,7.11887E-21,6.00E-03,8.10E+00
8.6071E-22,8.98842E-22,9.09858E-22,9.98893E-22,1.05451E-21,1.05E-21,8.81E-22,5.23E-21,3.24E-21,4.07E-21,4.63407E-21,6.00E-03,8.20E+00
6.16172E-22,6.56714E-22,6.72742E-22,7.55485E-22,8.20747E-22,8.20E-22,8.07E-22,5.34E-21,3.31E-21,4.42E-21,5.26043E-21,6.00E-03,8.30E+00
4.03347E-22,4.41029E-22,4.59264E-22,5.28108E-22,5.93073E-22,5.92E-22,6.89E-22,5.19E-21,3.22E-21,4.63E-21,5.83715E-21,6.00E-03,8.40E+00
2.54846E-22,2.88672E-22,3.07908E-22,3.63735E-22,4.26021E-22,4.26E-22,5.64E-22,3.66E-21,2.27E-21,2.93E-21,3.38869E-21,6.00E-03,8.50E+00
1.54146E-22,1.83532E-22,2.03361E-22,2.48004E-22,3.04968E-22,3.05E-22,4.84E-22,3.60E-21,2.23E-21,3.13E-21,3.8689E-21,6.00E-03,8.60E+00
7.99878E-23,1.02953E-22,1.22593E-22,1.57122E-22,2.06623E-22,2.07E-22,4.23E-22,3.81E-21,2.36E-21,3.46E-21,4.40153E-21,6.00E-03,8.70E+00
3.8637E-23,5.45008E-23,7.30726E-23,1.00699E-22,1.42002E-22,1.43E-22,3.60E-22,3.84E-21,2.38E-21,3.56E-21,4.58697E-21,6.00E-03,8.80E+00
1.77848E-23,2.71344E-23,4.40737E-23,6.88586E-23,1.05959E-22,1.07E-22,2.93E-22,2.90E-21,1.80E-21,2.57E-21,3.19562E-21,6.00E-03,8.90E+00
8.24227E-24,1.23455E-23,2.35312E-23,4.36849E-23,7.55106E-23,7.73E-23,2.62E-22,3.02E-21,1.88E-21,2.76E-21,3.4854E-21,6.00E-03,9.00E+00
4.67382E-24,6.46234E-24,1.24518E-23,2.7922E-23,5.51052E-23,5.69E-23,2.05E-22,2.28E-21,1.42E-21,2.03E-21,2.51515E-21,6.00E-03,9.10E+00
2.09751E-24,2.94389E-24,5.75226E-24,1.58766E-23,3.7232E-23,3.89E-23,1.68E-22,2.13E-21,1.32E-21,1.96E-21,2.50182E-21,6.00E-03,9.20E+00
1.25428E-24,1.72199E-24,2.96033E-24,8.86031E-24,2.43641E-23,2.58E-23,1.20E-22,1.42E-21,8.83E-22,1.26E-21,1.55072E-21,6.00E-03,9.30E+00
4.308E-25,6.45467E-25,1.2229E-24,4.45608E-24,1.52497E-23,1.65E-23,9.05E-23,1.12E-21,6.93E-22,9.91E-22,1.21786E-21,6.00E-03,9.40E+00
2.07595E-25,3.02277E-25,5.55277E-25,2.31655E-24,9.66713E-24,1.07E-23,6.74E-23,8.56E-22,5.32E-22,7.59E-22,9.29261E-22,6.00E-03,9.50E+00
7.12539E-26,9.81228E-26,2.12024E-25,1.20492E-24,6.33523E-24,7.13E-24,5.19E-23,6.73E-22,4.18E-22,5.94E-22,7.23041E-22,6.00E-03,9.60E+00
2.68729E-26,3.51378E-26,8.30529E-26,6.92057E-25,4.35833E-24,4.95E-24,3.42E-23,4.20E-22,2.61E-22,3.64E-22,4.35012E-22,6.00E-03,9.70E+00
3.90488E-26,4.15595E-26,6.55996E-26,4.53767E-25,3.20384E-24,3.69E-24,3.14E-23,4.20E-22,2.60E-22,3.72E-22,4.53577E-22,6.00E-03,9.80E+00
3.45044E-26,3.7611E-26,5.32819E-26,2.79121E-25,2.30914E-24,2.69E-24,2.55E-23,3.45E-22,2.14E-22,3.04E-22,3.68625E-22,6.00E-03,9.90E+00
9.19071E-27,9.39498E-27,1.34859E-26,1.57942E-25,1.65677E-24,1.94E-24,1.65E-23,2.07E-22,1.29E-22,1.78E-22,2.09133E-22,6.00E-03,1.00E+01
2.72343E-26,2.58391E-26,2.71103E-26,1.03825E-25,1.19738E-24,1.43E-24,1.73E-23,2.52E-22,1.56E-22,2.28E-22,2.8179E-22,6.00E-03,1.01E+01
8.92586E-27,8.52829E-27,9.8485E-27,7.63784E-26,1.0355E-24,1.23E-24,1.29E-23,1.71E-22,1.06E-22,1.49E-22,1.77171E-22,6.00E-03,1.02E+01
2.55355E-26,2.4352E-26,2.44943E-26,4.38126E-26,5.27669E-25,6.49E-25,1.27E-23,2.08E-22,1.29E-22,1.96E-22,2.49057E-22,6.00E-03,1.03E+01
9.3148E-27,8.60745E-27,8.25075E-27,1.52368E-26,2.87242E-25,3.59E-25,7.31E-24,1.17E-22,7.29E-23,1.09E-22,1.35634E-22,6.00E-03,1.04E+01
3.23952E-27,2.93746E-27,2.74152E-27,7.58499E-27,2.16469E-25,2.70E-25,5.46E-24,8.73E-23,5.42E-23,8.09E-23,9.93873E-23,6.00E-03,1.05E+01
7.80213E-26,1.078E-25,1.41299E-25,2.1475E-25,5.01236E-25,5.46E-25,5.55E-24,8.25E-23,5.12E-23,7.64E-23,9.38392E-23,6.00E-03,1.06E+01
5.17386E-25,5.55907E-25,5.70492E-25,6.48632E-25,9.42927E-25,9.99E-25,8.74E-24,1.46E-22,9.06E-23,1.41E-22,1.81415E-22,6.00E-03,1.07E+01
9.27333E-25,8.92268E-25,8.76127E-25,8.64991E-25,8.50091E-25,8.73E-25,2.95E-24,5.22E-23,3.24E-23,5.11E-23,6.51476E-23,6.00E-03,1.08E+01
3.60409E-25,3.15163E-25,2.92838E-25,2.44829E-25,2.23748E-25,2.38E-25,1.86E-24,3.56E-23,2.21E-23,3.45E-23,4.30604E-23,6.00E-03,1.09E+01
1.84112E-25,1.6231E-25,1.56101E-25,1.52748E-25,1.3139E-25,1.43E-25,1.21E-24,2.10E-23,1.30E-23,1.97E-23,2.46238E-23,6.00E-03,1.10E+01
9.78428E-20,8.99452E-20,8.50485E-20,7.33743E-20,4.95087E-20,5.16E-20,7.92E-21,1.66E-20,1.03E-20,6.19E-21,3.31262E-21,8.00E-03,6.00E+00
1.19895E-19,1.10573E-19,1.05894E-19,9.30713E-20,6.39261E-20,6.66E-20,1.03E-20,2.18E-20,1.35E-20,8.13E-21,4.32485E-21,8.00E-03,6.10E+00
1.37063E-19,1.26183E-19,1.22203E-19,1.09409E-19,7.74027E-20,8.05E-20,1.28E-20,2.74E-20,1.70E-20,1.02E-20,5.45326E-21,8.00E-03,6.20E+00
1.52955E-19,1.40465E-19,1.37791E-19,1.26113E-19,9.35539E-20,9.71E-20,1.62E-20,3.51E-20,2.18E-20,1.32E-20,7.02331E-21,8.00E-03,6.30E+00
1.3831E-19,1.26947E-19,1.25172E-19,1.16103E-19,8.90147E-20,9.22E-20,1.69E-20,4.04E-20,2.51E-20,1.70E-20,1.04636E-20,8.00E-03,6.40E+00
1.04655E-19,9.5755E-20,9.40474E-20,8.76888E-20,6.80188E-20,7.03E-20,1.42E-20,3.54E-20,2.20E-20,1.54E-20,9.65509E-21,8.00E-03,6.50E+00
7.85479E-20,7.1006E-20,6.95601E-20,6.45597E-20,4.93315E-20,5.10E-20,1.03E-20,2.69E-20,1.67E-20,1.26E-20,8.92108E-21,8.00E-03,6.60E+00
5.96557E-20,5.36477E-20,5.26715E-20,4.89196E-20,3.7682E-20,3.89E-20,8.28E-21,2.83E-20,1.76E-20,1.79E-20,1.77604E-20,8.00E-03,6.70E+00
4.32915E-20,3.88086E-20,3.80391E-20,3.50056E-20,2.74419E-20,2.83E-20,6.53E-21,3.27E-20,2.03E-20,2.64E-20,3.08206E-20,8.00E-03,6.80E+00
3.15303E-20,2.83342E-20,2.77696E-20,2.5463E-20,2.05859E-20,2.12E-20,5.07E-21,3.43E-20,2.13E-20,3.25E-20,4.25177E-20,8.00E-03,6.90E+00
2.15318E-20,1.94173E-20,1.89807E-20,1.72796E-20,1.45304E-20,1.50E-20,3.86E-21,2.85E-20,1.77E-20,2.74E-20,3.61976E-20,8.00E-03,7.00E+00
1.54073E-20,1.39483E-20,1.37666E-20,1.26756E-20,1.08263E-20,1.12E-20,3.09E-21,2.26E-20,1.40E-20,2.11E-20,2.73522E-20,8.00E-03,7.10E+00
1.13325E-20,1.03109E-20,1.03472E-20,9.78848E-21,8.38563E-21,8.62E-21,2.67E-21,1.54E-20,9.58E-21,1.29E-20,1.55537E-20,8.00E-03,7.20E+00
8.35306E-21,7.71958E-21,7.76021E-21,7.488E-21,6.63213E-21,6.79E-21,2.48E-21,1.22E-20,7.56E-21,9.17E-21,1.02897E-20,8.00E-03,7.30E+00
6.6329E-21,6.1934E-21,6.21797E-21,6.05005E-21,5.42726E-21,5.54E-21,2.17E-21,9.49E-21,5.89E-21,6.61E-21,6.96451E-21,8.00E-03,7.40E+00
5.16132E-21,4.89341E-21,4.9046E-21,4.83678E-21,4.43569E-21,4.51E-21,2.06E-21,9.24E-21,5.73E-21,6.35E-21,6.51773E-21,8.00E-03,7.50E+00
4.02087E-21,3.85921E-21,3.85807E-21,3.84514E-21,3.58279E-21,3.64E-21,1.78E-21,8.09E-21,5.02E-21,5.50E-21,5.541E-21,8.00E-03,7.60E+00
3.16601E-21,3.08316E-21,3.08335E-21,3.12383E-21,2.97951E-21,3.01E-21,1.64E-21,6.83E-21,4.24E-21,4.37E-21,4.10854E-21,8.00E-03,7.70E+00
2.40483E-21,2.37279E-21,2.37051E-21,2.43779E-21,2.36989E-21,2.39E-21,1.42E-21,6.99E-21,4.34E-21,5.02E-21,5.27027E-21,8.00E-03,7.80E+00
1.89058E-21,1.8939E-21,1.895E-21,1.98513E-21,1.98055E-21,1.99E-21,1.36E-21,7.63E-21,4.73E-21,6.16E-21,7.17663E-21,8.00E-03,7.90E+00
1.4448E-21,1.47225E-21,1.479E-21,1.58071E-21,1.61004E-21,1.61E-21,1.16E-21,6.96E-21,4.32E-21,5.69E-21,6.67692E-21,8.00E-03,8.00E+00
1.05943E-21,1.0989E-21,1.1114E-21,1.2132E-21,1.26546E-21,1.27E-21,1.01E-21,6.55E-21,4.06E-21,5.71E-21,7.03042E-21,8.00E-03,8.10E+00
7.73659E-22,8.19137E-22,8.37446E-22,9.37115E-22,1.00039E-21,9.98E-22,8.61E-22,5.56E-21,3.45E-21,4.87E-21,6.04096E-21,8.00E-03,8.20E+00
5.35767E-22,5.79556E-22,6.00592E-22,6.86854E-22,7.53858E-22,7.52E-22,7.78E-22,5.33E-21,3.31E-21,4.69E-21,5.80368E-21,8.00E-03,8.30E+00
3.49541E-22,3.89033E-22,4.11128E-22,4.81399E-22,5.46463E-22,5.46E-22,6.65E-22,4.73E-21,2.93E-21,4.20E-21,5.21942E-21,8.00E-03,8.40E+00
2.1699E-22,2.5229E-22,2.75191E-22,3.32181E-22,3.93803E-22,3.93E-22,5.44E-22,3.69E-21,2.29E-21,3.25E-21,4.03884E-21,8.00E-03,8.50E+00
1.23523E-22,1.52554E-22,1.7528E-22,2.19878E-22,2.74991E-22,2.75E-22,4.74E-22,3.76E-21,2.33E-21,3.46E-21,4.41425E-21,8.00E-03,8.60E+00
6.10351E-23,8.27227E-23,1.05572E-22,1.41446E-22,1.90029E-22,1.91E-22,4.13E-22,3.69E-21,2.29E-21,3.38E-21,4.30404E-21,8.00E-03,8.70E+00
2.57001E-23,3.79936E-23,5.68034E-23,8.4406E-23,1.23866E-22,1.26E-22,3.62E-22,4.28E-21,2.66E-21,4.16E-21,5.48251E-21,8.00E-03,8.80E+00
1.09062E-23,1.68263E-23,3.11385E-23,5.49216E-23,8.93011E-23,9.11E-23,2.74E-22,2.86E-21,1.77E-21,2.61E-21,3.29524E-21,8.00E-03,8.90E+00
5.54919E-24,7.99772E-24,1.60491E-23,3.45078E-23,6.41381E-23,6.62E-23,2.22E-22,2.28E-21,1.41E-21,2.01E-21,2.46453E-21,8.00E-03,9.00E+00
3.45038E-24,4.64185E-24,8.51918E-24,2.12707E-23,4.5926E-23,4.80E-23,1.75E-22,1.70E-21,1.05E-21,1.42E-21,1.66269E-21,8.00E-03,9.10E+00
1.63392E-24,2.29526E-24,4.10682E-24,1.18879E-23,3.06969E-23,3.25E-23,1.34E-22,1.38E-21,8.57E-22,1.18E-21,1.3993E-21,8.00E-03,9.20E+00
7.65635E-25,1.05382E-24,1.80065E-24,6.03464E-24,1.96336E-23,2.13E-23,1.09E-22,1.33E-21,8.25E-22,1.21E-21,1.51194E-21,8.00E-03,9.30E+00
4.70921E-25,6.58161E-25,1.04362E-24,3.36007E-24,1.26792E-23,1.40E-23,8.38E-23,1.05E-21,6.50E-22,9.45E-22,1.16973E-21,8.00E-03,9.40E+00
1.31294E-25,1.90733E-25,3.63629E-25,1.59971E-24,7.8902E-24,8.90E-24,6.30E-23,8.18E-22,5.08E-22,7.40E-22,9.15183E-22,8.00E-03,9.50E+00
7.10035E-26,8.88598E-26,1.5613E-25,8.10221E-25,5.06898E-24,5.82E-24,4.76E-23,6.43E-22,3.99E-22,5.87E-22,7.30351E-22,8.00E-03,9.60E+00
4.29206E-26,4.51273E-26,6.90155E-26,4.39763E-25,3.42136E-24,3.99E-24,3.68E-23,5.03E-22,3.12E-22,4.57E-22,5.64262E-22,8.00E-03,9.70E+00
3.45519E-26,3.43678E-26,4.49889E-26,2.7678E-25,2.52564E-24,2.98E-24,3.08E-23,4.34E-22,2.69E-22,3.98E-22,4.94983E-22,8.00E-03,9.80E+00
1.5092E-26,1.62182E-26,2.40913E-26,1.70644E-25,1.86209E-24,2.21E-24,2.02E-23,2.52E-22,1.56E-22,2.18E-22,2.55787E-22,8.00E-03,9.90E+00
2.28752E-26,2.21152E-26,2.46648E-26,1.07735E-25,1.262E-24,1.51E-24,1.80E-23,2.62E-22,1.63E-22,2.42E-22,3.00929E-22,8.00E-03,1.00E+01
2.37308E-26,2.22043E-26,2.23979E-26,6.75562E-26,9.81211E-25,1.19E-24,1.67E-23,2.51E-22,1.56E-22,2.34E-22,2.93138E-22,8.00E-03,1.01E+01
8.25279E-27,7.76341E-27,8.05175E-27,4.15804E-26,7.13238E-25,8.66E-25,1.09E-23,1.53E-22,9.52E-23,1.38E-22,1.67381E-22,8.00E-03,1.02E+01
2.59327E-26,2.45167E-26,2.4356E-26,4.04958E-26,5.33069E-25,6.59E-25,1.29E-23,2.11E-22,1.31E-22,2.03E-22,2.5943E-22,8.00E-03,1.03E+01
7.82565E-27,7.23077E-27,6.91541E-27,1.06863E-26,2.13312E-25,2.71E-25,6.61E-24,1.11E-22,6.91E-23,1.07E-22,1.35311E-22,8.00E-03,1.04E+01
3.32621E-27,3.00772E-27,2.7835E-27,4.99006E-27,1.49037E-25,1.90E-25,4.76E-24,8.04E-23,4.99E-23,7.72E-23,9.65184E-23,8.00E-03,1.05E+01
4.86324E-26,7.195E-26,9.89919E-26,1.54159E-25,3.50926E-25,3.84E-25,4.68E-24,7.46E-23,4.63E-23,7.16E-23,8.95813E-23,8.00E-03,1.06E+01
4.20335E-25,4.618E-25,4.81113E-25,5.5866E-25,7.4073E-25,7.66E-25,4.67E-24,7.19E-23,4.46E-23,6.80E-23,8.40786E-23,8.00E-03,1.07E+01
8.96492E-25,8.3536E-25,8.14227E-25,7.75424E-25,7.68424E-25,8.04E-25,5.48E-24,1.06E-22,6.56E-23,1.09E-22,1.45025E-22,8.00E-03,1.08E+01
4.01623E-25,3.61143E-25,3.45683E-25,3.27338E-25,2.44357E-25,2.62E-25,1.97E-24,4.16E-23,2.58E-23,4.25E-23,5.53723E-23,8.00E-03,1.09E+01
1.78896E-25,1.58983E-25,1.52593E-25,1.47447E-25,1.1038E-25,1.18E-25,8.47E-25,1.67E-23,1.03E-23,1.65E-23,2.13795E-23,8.00E-03,1.10E+01
1.07019E-19,9.86851E-20,9.40389E-20,8.20118E-20,5.57412E-20,5.81E-20,8.96E-21,1.90E-20,1.18E-20,7.09E-21,3.79962E-21,1.00E-02,6.00E+00
1.32497E-19,1.22091E-19,1.18196E-19,1.05734E-19,7.41283E-20,7.72E-20,1.22E-20,2.60E-20,1.61E-20,9.73E-21,5.18381E-21,1.00E-02,6.10E+00
1.46911E-19,1.34649E-19,1.31551E-19,1.19814E-19,8.62273E-20,8.96E-20,1.45E-20,3.11E-20,1.93E-20,1.16E-20,6.1803E-21,1.00E-02,6.20E+00
1.57511E-19,1.43866E-19,1.41935E-19,1.31745E-19,9.86831E-20,1.02E-19,1.71E-20,3.71E-20,2.30E-20,1.39E-20,7.40395E-21,1.00E-02,6.30E+00
1.4099E-19,1.2888E-19,1.27792E-19,1.1973E-19,9.27718E-20,9.61E-20,1.73E-20,3.87E-20,2.40E-20,1.49E-20,8.02002E-21,1.00E-02,6.40E+00
1.08586E-19,9.89144E-20,9.78267E-20,9.25032E-20,7.3391E-20,7.58E-20,1.54E-20,3.70E-20,2.30E-20,1.52E-20,8.75781E-21,1.00E-02,6.50E+00
8.0618E-20,7.27313E-20,7.15329E-20,6.70279E-20,5.23265E-20,5.41E-20,1.07E-20,2.71E-20,1.68E-20,1.24E-20,8.56018E-21,1.00E-02,6.60E+00
6.06511E-20,5.45232E-20,5.36164E-20,4.98409E-20,3.91173E-20,4.04E-20,8.38E-21,2.93E-20,1.82E-20,1.93E-20,1.96942E-20,1.00E-02,6.70E+00
4.39138E-20,3.92702E-20,3.86752E-20,3.56995E-20,2.85107E-20,2.94E-20,6.39E-21,2.93E-20,1.82E-20,2.38E-20,2.83464E-20,1.00E-02,6.80E+00
3.14931E-20,2.83216E-20,2.79273E-20,2.57475E-20,2.1201E-20,2.19E-20,5.12E-21,3.52E-20,2.18E-20,3.51E-20,4.71552E-20,1.00E-02,6.90E+00
2.17637E-20,1.96471E-20,1.94484E-20,1.7922E-20,1.51519E-20,1.56E-20,3.93E-21,2.89E-20,1.80E-20,2.90E-20,3.91454E-20,1.00E-02,7.00E+00
1.54225E-20,1.39407E-20,1.39832E-20,1.3107E-20,1.11767E-20,1.15E-20,3.14E-21,2.25E-20,1.39E-20,2.15E-20,2.83624E-20,1.00E-02,7.10E+00
1.11746E-20,1.01839E-20,1.03249E-20,9.91294E-21,8.60978E-21,8.85E-21,2.74E-21,1.51E-20,9.39E-21,1.27E-20,1.53611E-20,1.00E-02,7.20E+00
8.14406E-21,7.55374E-21,7.65928E-21,7.50748E-21,6.74221E-21,6.89E-21,2.60E-21,1.28E-20,7.95E-21,9.79E-21,1.1083E-20,1.00E-02,7.30E+00
6.27685E-21,5.8874E-21,5.9523E-21,5.87739E-21,5.34779E-21,5.45E-21,2.21E-21,9.91E-21,6.15E-21,7.05E-21,7.51338E-21,1.00E-02,7.40E+00
4.8727E-21,4.64184E-21,4.68205E-21,4.68142E-21,4.35113E-21,4.42E-21,2.02E-21,8.50E-21,5.28E-21,5.69E-21,5.70423E-21,1.00E-02,7.50E+00
3.78416E-21,3.65575E-21,3.67936E-21,3.72431E-21,3.52946E-21,3.58E-21,1.83E-21,8.15E-21,5.06E-21,5.52E-21,5.50862E-21,1.00E-02,7.60E+00
2.92972E-21,2.87854E-21,2.8977E-21,2.98046E-21,2.88676E-21,2.91E-21,1.64E-21,7.05E-21,4.37E-21,4.61E-21,4.42326E-21,1.00E-02,7.70E+00
2.18751E-21,2.18167E-21,2.1943E-21,2.29776E-21,2.27635E-21,2.29E-21,1.45E-21,7.56E-21,4.69E-21,5.89E-21,6.62061E-21,1.00E-02,7.80E+00
1.69855E-21,1.71971E-21,1.73245E-21,1.84787E-21,1.87064E-21,1.88E-21,1.26E-21,5.94E-21,3.69E-21,3.92E-21,3.73457E-21,1.00E-02,7.90E+00
1.30918E-21,1.34815E-21,1.36529E-21,1.48423E-21,1.52999E-21,1.53E-21,1.12E-21,6.46E-21,4.01E-21,5.22E-21,6.04067E-21,1.00E-02,8.00E+00
9.29066E-22,9.75138E-22,9.9588E-22,1.10787E-21,1.16768E-21,1.17E-21,9.79E-22,6.83E-21,4.24E-21,6.35E-21,8.09695E-21,1.00E-02,8.10E+00
6.8358E-22,7.34241E-22,7.59185E-22,8.66515E-22,9.3566E-22,9.33E-22,8.28E-22,5.28E-21,3.28E-21,4.83E-21,6.12401E-21,1.00E-02,8.20E+00
4.54588E-22,5.00021E-22,5.25852E-22,6.13647E-22,6.81398E-22,6.80E-22,7.41E-22,4.83E-21,3.00E-21,4.22E-21,5.13496E-21,1.00E-02,8.30E+00
2.92302E-22,3.31289E-22,3.56446E-22,4.26024E-22,4.88875E-22,4.88E-22,6.31E-22,4.60E-21,2.85E-21,4.33E-21,5.54048E-21,1.00E-02,8.40E+00
1.83718E-22,2.19442E-22,2.45709E-22,3.03646E-22,3.64574E-22,3.64E-22,5.24E-22,3.23E-21,2.00E-21,2.80E-21,3.39927E-21,1.00E-02,8.50E+00
9.00577E-23,1.17025E-22,1.41828E-22,1.85573E-22,2.37804E-22,2.39E-22,4.61E-22,4.09E-21,2.54E-21,4.06E-21,5.37823E-21,1.00E-02,8.60E+00
4.29938E-23,6.13124E-23,8.51336E-23,1.20934E-22,1.66731E-22,1.68E-22,3.79E-22,3.16E-21,1.96E-21,2.89E-21,3.63096E-21,1.00E-02,8.70E+00
2.14069E-23,3.06224E-23,4.81054E-23,7.59179E-23,1.13506E-22,1.16E-22,3.29E-22,3.48E-21,2.16E-21,3.32E-21,4.29488E-21,1.00E-02,8.80E+00
9.2716E-24,1.33433E-23,2.47415E-23,4.7332E-23,8.01454E-23,8.23E-23,2.75E-22,3.33E-21,2.07E-21,3.27E-21,4.30247E-21,1.00E-02,8.90E+00
3.38526E-24,4.93254E-24,1.05558E-23,2.64504E-23,5.4138E-23,5.64E-23,2.07E-22,2.17E-21,1.35E-21,1.96E-21,2.42852E-21,1.00E-02,9.00E+00
2.00618E-24,2.73587E-24,5.23579E-24,1.5296E-23,3.77073E-23,3.99E-23,1.52E-22,1.20E-21,7.42E-22,8.61E-22,8.60636E-22,1.00E-02,9.10E+00
1.29395E-24,1.7375E-24,2.82958E-24,8.47886E-24,2.50707E-23,2.71E-23,1.30E-22,1.43E-21,8.87E-22,1.25E-21,1.51236E-21,1.00E-02,9.20E+00
7.64325E-25,1.02831E-24,1.58762E-24,4.7376E-24,1.66387E-23,1.83E-23,1.01E-22,1.25E-21,7.75E-22,1.16E-21,1.44941E-21,1.00E-02,9.30E+00
3.02847E-25,4.16576E-25,6.71809E-25,2.34696E-24,1.04189E-23,1.17E-23,7.90E-23,1.02E-21,6.34E-22,9.45E-22,1.18279E-21,1.00E-02,9.40E+00
1.35054E-25,1.93924E-25,3.35355E-25,1.24333E-24,6.71279E-24,7.69E-24,6.01E-23,8.09E-22,5.02E-22,7.55E-22,9.49735E-22,1.00E-02,9.50E+00
6.68862E-26,8.16779E-26,1.37551E-25,6.21971E-25,4.28076E-24,4.99E-24,4.59E-23,6.35E-22,3.94E-22,5.93E-22,7.42829E-22,1.00E-02,9.60E+00
4.16316E-26,4.12762E-26,5.34682E-26,2.95966E-25,2.81356E-24,3.34E-24,3.58E-23,5.14E-22,3.19E-22,4.86E-22,6.14166E-22,1.00E-02,9.70E+00
2.99328E-26,2.89766E-26,3.43289E-26,1.90365E-25,2.1181E-24,2.54E-24,2.89E-23,4.10E-22,2.55E-22,3.81E-22,4.73517E-22,1.00E-02,9.80E+00
1.61667E-26,1.57816E-26,1.8301E-26,1.14445E-25,1.49919E-24,1.80E-24,1.83E-23,2.39E-22,1.49E-22,2.17E-22,2.63715E-22,1.00E-02,9.90E+00
2.80056E-26,2.6762E-26,2.90865E-26,8.25882E-26,1.02249E-24,1.24E-24,1.77E-23,2.67E-22,1.66E-22,2.53E-22,3.18088E-22,1.00E-02,1.00E+01
8.20006E-27,7.60077E-27,7.68454E-27,3.89993E-26,7.90774E-25,9.69E-25,1.26E-23,1.72E-22,1.07E-22,1.56E-22,1.87005E-22,1.00E-02,1.01E+01
2.06221E-26,1.92545E-26,1.88442E-26,3.49915E-26,5.42788E-25,6.71E-25,1.20E-23,1.94E-22,1.20E-22,1.89E-22,2.40659E-22,1.00E-02,1.02E+01
2.26392E-26,2.10081E-26,2.07145E-26,3.27119E-26,4.95477E-25,6.18E-25,1.35E-23,2.28E-22,1.41E-22,2.27E-22,2.94227E-22,1.00E-02,1.03E+01
1.27515E-26,1.2016E-26,1.16033E-26,1.40631E-26,1.603E-25,2.02E-25,5.12E-24,8.81E-23,5.47E-23,8.62E-23,1.08583E-22,1.00E-02,1.04E+01
3.14352E-27,2.83822E-27,2.61287E-27,3.61994E-27,1.04777E-25,1.35E-25,4.10E-24,7.26E-23,4.50E-23,7.17E-23,9.05085E-23,1.00E-02,1.05E+01
9.60292E-27,1.76147E-26,3.79768E-26,8.08223E-26,2.2076E-25,2.47E-25,4.01E-24,6.77E-23,4.20E-23,6.69E-23,8.44258E-23,1.00E-02,1.06E+01
3.51883E-25,3.8664E-25,4.03467E-25,4.70375E-25,5.89726E-25,6.06E-25,3.82E-24,6.27E-23,3.89E-23,6.14E-23,7.68881E-23,1.00E-02,1.07E+01
6.99493E-25,6.51534E-25,6.29596E-25,5.99407E-25,6.06126E-25,6.36E-25,5.45E-24,1.07E-22,6.67E-23,1.13E-22,1.51276E-22,1.00E-02,1.08E+01
1.68178E-25,1.47684E-25,1.5224E-25,1.69122E-25,1.36011E-25,1.46E-25,1.70E-24,3.83E-23,2.38E-23,4.05E-23,5.31677E-23,1.00E-02,1.09E+01
1.79271E-25,1.50257E-25,1.56879E-25,2.09556E-25,1.47579E-25,1.57E-25,6.98E-25,1.50E-23,9.30E-24,1.55E-23,2.0504E-23,1.00E-02,1.10E+01
1.09032E-19,1.01144E-19,9.75441E-20,8.60591E-20,5.90442E-20,6.15E-20,9.54E-21,2.02E-20,1.25E-20,7.54E-21,4.03424E-21,1.40E-02,6.00E+00
1.26679E-19,1.1716E-19,1.14432E-19,1.03202E-19,7.24427E-20,7.54E-20,1.19E-20,2.51E-20,1.56E-20,9.39E-21,4.99324E-21,1.40E-02,6.10E+00
1.32196E-19,1.22051E-19,1.20034E-19,1.09766E-19,7.75809E-20,8.07E-20,1.28E-20,2.72E-20,1.69E-20,1.02E-20,5.40207E-21,1.40E-02,6.20E+00
1.30573E-19,1.20235E-19,1.19081E-19,1.10159E-19,7.90078E-20,8.21E-20,1.32E-20,2.83E-20,1.75E-20,1.06E-20,5.65488E-21,1.40E-02,6.30E+00
1.29368E-19,1.18307E-19,1.18015E-19,1.11414E-19,8.4059E-20,8.71E-20,1.47E-20,3.17E-20,1.97E-20,1.20E-20,6.41818E-21,1.40E-02,6.40E+00
1.06798E-19,9.70779E-20,9.72362E-20,9.26814E-20,7.27352E-20,7.54E-20,1.39E-20,3.18E-20,1.97E-20,1.26E-20,6.99923E-21,1.40E-02,6.50E+00
7.71782E-20,7.00837E-20,7.00163E-20,6.6517E-20,5.33668E-20,5.51E-20,1.09E-20,2.68E-20,1.66E-20,1.19E-20,7.92939E-21,1.40E-02,6.60E+00
5.75458E-20,5.19258E-20,5.18024E-20,4.86228E-20,3.88141E-20,4.01E-20,8.03E-21,2.68E-20,1.66E-20,1.81E-20,1.91147E-20,1.40E-02,6.70E+00
4.15892E-20,3.74232E-20,3.72525E-20,3.45519E-20,2.82081E-20,2.91E-20,6.19E-21,2.84E-20,1.76E-20,2.48E-20,3.08083E-20,1.40E-02,6.80E+00
2.99018E-20,2.69691E-20,2.69163E-20,2.50997E-20,2.10716E-20,2.18E-20,4.95E-21,3.32E-20,2.06E-20,3.56E-20,4.90895E-20,1.40E-02,6.90E+00
2.05945E-20,1.86188E-20,1.86968E-20,1.75349E-20,1.51562E-20,1.56E-20,3.85E-21,2.69E-20,1.67E-20,2.87E-20,3.95695E-20,1.40E-02,7.00E+00
1.45416E-20,1.31408E-20,1.34371E-20,1.29228E-20,1.11988E-20,1.15E-20,3.06E-21,1.98E-20,1.23E-20,1.95E-20,2.58538E-20,1.40E-02,7.10E+00
1.03474E-20,9.43923E-21,9.69075E-21,9.47196E-21,8.38475E-21,8.61E-21,2.66E-21,1.48E-20,9.20E-21,1.28E-20,1.58351E-20,1.40E-02,7.20E+00
7.56203E-21,7.00743E-21,7.17955E-21,7.12441E-21,6.46117E-21,6.61E-21,2.47E-21,1.23E-20,7.65E-21,9.75E-21,1.1253E-20,1.40E-02,7.30E+00
5.9546E-21,5.60107E-21,5.71664E-21,5.73173E-21,5.29851E-21,5.40E-21,2.24E-21,1.00E-20,6.22E-21,7.27E-21,7.82714E-21,1.40E-02,7.40E+00
4.60007E-21,4.39903E-21,4.47289E-21,4.54023E-21,4.28376E-21,4.35E-21,1.98E-21,8.52E-21,5.29E-21,5.88E-21,6.0241E-21,1.40E-02,7.50E+00
3.52927E-21,3.42903E-21,3.47544E-21,3.57688E-21,3.44642E-21,3.49E-21,1.81E-21,7.86E-21,4.88E-21,5.27E-21,5.18359E-21,1.40E-02,7.60E+00
2.75844E-21,2.7301E-21,2.7632E-21,2.88845E-21,2.84235E-21,2.87E-21,1.63E-21,7.41E-21,4.60E-21,4.89E-21,4.6789E-21,1.40E-02,7.70E+00
2.07456E-21,2.08938E-21,2.11659E-21,2.2551E-21,2.26193E-21,2.27E-21,1.35E-21,6.97E-21,4.33E-21,5.64E-21,6.52777E-21,1.40E-02,7.80E+00
1.5487E-21,1.58519E-21,1.61138E-21,1.75096E-21,1.79046E-21,1.79E-21,1.19E-21,6.41E-21,3.98E-21,5.21E-21,6.01806E-21,1.40E-02,7.90E+00
1.18822E-21,1.23868E-21,1.26751E-21,1.40711E-21,1.46575E-21,1.46E-21,1.05E-21,6.23E-21,3.86E-21,5.71E-21,7.14885E-21,1.40E-02,8.00E+00
8.40295E-22,8.95068E-22,9.25472E-22,1.05371E-21,1.1224E-21,1.12E-21,9.47E-22,6.37E-21,3.95E-21,6.26E-21,8.14478E-21,1.40E-02,8.10E+00
5.8934E-22,6.4341E-22,6.74817E-22,7.87503E-22,8.5821E-22,8.56E-22,8.02E-22,4.84E-21,3.01E-21,4.50E-21,5.692E-21,1.40E-02,8.20E+00
3.80236E-22,4.27568E-22,4.5802E-22,5.48255E-22,6.15063E-22,6.14E-22,7.02E-22,4.62E-21,2.87E-21,4.43E-21,5.68416E-21,1.40E-02,8.30E+00
2.36053E-22,2.75937E-22,3.05186E-22,3.75375E-22,4.36522E-22,4.37E-22,5.97E-22,3.88E-21,2.41E-21,3.61E-21,4.52612E-21,1.40E-02,8.40E+00
1.28935E-22,1.62067E-22,1.90836E-22,2.45695E-22,3.0171E-22,3.03E-22,4.97E-22,3.46E-21,2.15E-21,3.45E-21,4.51988E-21,1.40E-02,8.50E+00
6.26737E-23,8.58675E-23,1.12231E-22,1.54548E-22,2.02696E-22,2.04E-22,4.21E-22,3.36E-21,2.09E-21,3.30E-21,4.27686E-21,1.40E-02,8.60E+00
3.04211E-23,4.3591E-23,6.58939E-23,1.00765E-22,1.42414E-22,1.45E-22,3.61E-22,3.47E-21,2.15E-21,3.52E-21,4.66943E-21,1.40E-02,8.70E+00
1.69855E-23,2.27829E-23,3.66374E-23,6.30757E-23,9.79601E-23,1.01E-22,3.07E-22,3.49E-21,2.17E-21,3.57E-21,4.748E-21,1.40E-02,8.80E+00
7.46133E-24,9.93534E-24,1.71951E-23,3.60167E-23,6.5474E-23,6.80E-23,2.55E-22,3.32E-21,2.06E-21,3.45E-21,4.64015E-21,1.40E-02,8.90E+00
2.38639E-24,3.29058E-24,6.43133E-24,1.80979E-23,4.26064E-23,4.52E-23,1.87E-22,2.07E-21,1.28E-21,1.98E-21,2.52463E-21,1.40E-02,9.00E+00
1.6275E-24,2.02433E-24,3.21897E-24,9.66997E-24,2.83941E-23,3.09E-23,1.59E-22,1.98E-21,1.23E-21,1.93E-21,2.49101E-21,1.40E-02,9.10E+00
1.17947E-24,1.51952E-24,2.10035E-24,5.58519E-24,1.9115E-23,2.12E-23,1.14E-22,1.28E-21,7.92E-22,1.16E-21,1.41654E-21,1.40E-02,9.20E+00
5.79686E-25,8.22022E-25,1.22603E-24,3.1961E-24,1.28131E-23,1.45E-23,9.07E-23,1.12E-21,6.96E-22,1.07E-21,1.34914E-21,1.40E-02,9.30E+00
2.46669E-25,3.22556E-25,5.14878E-25,1.56267E-24,8.10396E-24,9.37E-24,7.70E-23,1.06E-21,6.60E-22,1.04E-21,1.32754E-21,1.40E-02,9.40E+00
8.91559E-26,1.17239E-25,2.01411E-25,7.52112E-25,5.20092E-24,6.13E-24,5.68E-23,8.02E-22,4.98E-22,7.94E-22,1.02384E-21,1.40E-02,9.50E+00
3.99505E-26,4.78494E-26,8.66369E-26,3.87546E-25,3.38724E-24,4.05E-24,4.00E-23,5.25E-22,3.26E-22,4.97E-22,6.18947E-22,1.40E-02,9.60E+00
3.52197E-26,3.42242E-26,4.03136E-26,1.80348E-25,2.19807E-24,2.67E-24,3.11E-23,4.46E-22,2.77E-22,4.34E-22,5.5159E-22,1.40E-02,9.70E+00
2.96142E-26,2.78797E-26,2.95358E-26,1.08699E-25,1.56663E-24,1.92E-24,2.55E-23,3.75E-22,2.32E-22,3.66E-22,4.64927E-22,1.40E-02,9.80E+00
2.66398E-26,2.49349E-26,2.58334E-26,7.53552E-26,1.18009E-24,1.46E-24,2.20E-23,3.33E-22,2.06E-22,3.26E-22,4.15992E-22,1.40E-02,9.90E+00
8.76956E-27,8.21996E-27,8.49127E-27,3.7971E-26,8.77192E-25,1.09E-24,1.55E-23,2.09E-22,1.29E-22,1.90E-22,2.28336E-22,1.40E-02,1.00E+01
2.0527E-26,1.91062E-26,1.87599E-26,3.41005E-26,6.0795E-25,7.56E-25,1.37E-23,2.17E-22,1.34E-22,2.16E-22,2.77413E-22,1.40E-02,1.01E+01
1.62017E-26,1.50032E-26,1.45794E-26,2.20441E-26,4.45052E-25,5.60E-25,1.30E-23,2.20E-22,1.37E-22,2.27E-22,2.9682E-22,1.40E-02,1.02E+01
7.34672E-27,6.74519E-27,6.39629E-27,1.12021E-26,3.11833E-25,3.92E-25,8.26E-24,1.30E-22,8.07E-23,1.28E-22,1.60649E-22,1.40E-02,1.03E+01
2.1487E-26,2.01194E-26,1.97696E-26,2.1816E-26,2.16964E-25,2.74E-25,9.23E-24,1.73E-22,1.07E-22,1.86E-22,2.49942E-22,1.40E-02,1.04E+01
1.46995E-26,2.3392E-26,4.0624E-26,6.80825E-26,1.8311E-25,2.13E-25,4.76E-24,8.77E-23,5.44E-23,9.28E-23,1.22036E-22,1.40E-02,1.05E+01
4.17652E-25,4.48228E-25,4.63484E-25,5.33941E-25,6.12011E-25,6.22E-25,3.10E-24,5.48E-23,3.40E-23,5.76E-23,7.46435E-23,1.40E-02,1.06E+01
8.19009E-25,7.34818E-25,7.11004E-25,6.50188E-25,5.63508E-25,5.84E-25,2.24E-24,4.59E-23,2.85E-23,4.94E-23,6.47716E-23,1.40E-02,1.07E+01
3.58554E-25,3.07039E-25,3.18589E-25,3.95007E-25,2.9755E-25,3.18E-25,2.37E-24,4.75E-23,2.95E-23,4.95E-23,6.35772E-23,1.40E-02,1.08E+01
3.50582E-25,2.99339E-25,3.11157E-25,4.14583E-25,2.97218E-25,3.19E-25,3.34E-24,7.56E-23,4.69E-23,8.39E-23,1.14023E-22,1.40E-02,1.09E+01
1.51575E-25,1.28455E-25,1.3407E-25,1.87932E-25,1.22858E-25,1.30E-25,5.30E-25,1.22E-23,7.59E-24,1.33E-23,1.7754E-23,1.40E-02,1.10E+01
1.20169E-19,1.12237E-19,1.09874E-19,9.89398E-20,6.92685E-20,7.21E-20,1.13E-20,2.41E-20,1.50E-20,9.02E-21,4.82182E-21,2.00E-02,6.00E+00
1.40564E-19,1.3022E-19,1.29296E-19,1.19882E-19,8.74392E-20,9.09E-20,1.46E-20,3.15E-20,1.95E-20,1.18E-20,6.26437E-21,2.00E-02,6.10E+00
1.43021E-19,1.31642E-19,1.31342E-19,1.23218E-19,9.11235E-20,9.47E-20,1.54E-20,3.32E-20,2.06E-20,1.24E-20,6.60455E-21,2.00E-02,6.20E+00
1.38892E-19,1.27911E-19,1.28635E-19,1.20824E-19,9.09917E-20,9.44E-20,1.56E-20,3.38E-20,2.10E-20,1.27E-20,6.77615E-21,2.00E-02,6.30E+00
1.23593E-19,1.13835E-19,1.15306E-19,1.08953E-19,8.35283E-20,8.65E-20,1.47E-20,3.22E-20,2.00E-20,1.22E-20,6.56449E-21,2.00E-02,6.40E+00
1.01032E-19,9.25275E-20,9.37629E-20,9.03549E-20,7.19454E-20,7.44E-20,1.39E-20,3.15E-20,1.96E-20,1.24E-20,6.78147E-21,2.00E-02,6.50E+00
7.25823E-20,6.64901E-20,6.69827E-20,6.41332E-20,5.2221E-20,5.39E-20,1.11E-20,2.79E-20,1.73E-20,1.26E-20,8.46881E-21,2.00E-02,6.60E+00
5.37902E-20,4.87401E-20,4.90826E-20,4.6276E-20,3.79452E-20,3.92E-20,7.92E-21,2.60E-20,1.61E-20,1.83E-20,2.00002E-20,2.00E-02,6.70E+00
3.87002E-20,3.49557E-20,3.52281E-20,3.32276E-20,2.79749E-20,2.89E-20,6.19E-21,2.91E-20,1.80E-20,2.83E-20,3.68868E-20,2.00E-02,6.80E+00
2.6963E-20,2.42897E-20,2.45213E-20,2.31959E-20,2.01166E-20,2.08E-20,4.70E-21,3.17E-20,1.97E-20,3.86E-20,5.52172E-20,2.00E-02,6.90E+00
1.8666E-20,1.68313E-20,1.71851E-20,1.64908E-20,1.45608E-20,1.50E-20,3.63E-21,2.39E-20,1.49E-20,2.72E-20,3.79068E-20,2.00E-02,7.00E+00
1.30535E-20,1.17834E-20,1.22885E-20,1.21294E-20,1.0663E-20,1.10E-20,2.92E-21,1.84E-20,1.14E-20,1.89E-20,2.52825E-20,2.00E-02,7.10E+00
9.43169E-21,8.61535E-21,8.96774E-21,8.9522E-21,8.07627E-21,8.28E-21,2.42E-21,1.34E-20,8.33E-21,1.23E-20,1.56339E-20,2.00E-02,7.20E+00
6.94783E-21,6.44486E-21,6.67309E-21,6.73045E-21,6.19827E-21,6.33E-21,2.28E-21,1.27E-20,7.86E-21,1.08E-20,1.2917E-20,2.00E-02,7.30E+00
5.5657E-21,5.25452E-21,5.41831E-21,5.531E-21,5.20133E-21,5.29E-21,2.06E-21,9.43E-21,5.85E-21,7.14E-21,7.92249E-21,2.00E-02,7.40E+00
4.25241E-21,4.08833E-21,4.19465E-21,4.33076E-21,4.15247E-21,4.21E-21,1.85E-21,9.15E-21,5.68E-21,6.82E-21,7.37479E-21,2.00E-02,7.50E+00
3.26593E-21,3.19802E-21,3.27068E-21,3.42528E-21,3.34855E-21,3.38E-21,1.60E-21,8.01E-21,4.97E-21,5.89E-21,6.28999E-21,2.00E-02,7.60E+00
2.48712E-21,2.48383E-21,2.54038E-21,2.71085E-21,2.70147E-21,2.71E-21,1.41E-21,7.70E-21,4.78E-21,6.62E-21,7.94052E-21,2.00E-02,7.70E+00
1.87892E-21,1.9145E-21,1.96288E-21,2.13679E-21,2.16881E-21,2.17E-21,1.23E-21,7.09E-21,4.40E-21,7.24E-21,9.55258E-21,2.00E-02,7.80E+00
1.38805E-21,1.44026E-21,1.48296E-21,1.65161E-21,1.71086E-21,1.71E-21,1.10E-21,6.00E-21,3.72E-21,5.40E-21,6.62258E-21,2.00E-02,7.90E+00
1.03749E-21,1.09728E-21,1.1397E-21,1.29972E-21,1.3707E-21,1.37E-21,9.96E-22,5.82E-21,3.61E-21,5.85E-21,7.64222E-21,2.00E-02,8.00E+00
7.16218E-22,7.76721E-22,8.17214E-22,9.5707E-22,1.03043E-21,1.03E-21,8.97E-22,5.76E-21,3.57E-21,6.14E-21,8.23464E-21,2.00E-02,8.10E+00
4.79312E-22,5.33725E-22,5.72252E-22,6.86066E-22,7.53872E-22,7.53E-22,7.65E-22,4.66E-21,2.89E-21,4.72E-21,6.15842E-21,2.00E-02,8.20E+00
2.94323E-22,3.41167E-22,3.76834E-22,4.65739E-22,5.29025E-22,5.29E-22,6.71E-22,4.67E-21,2.90E-21,5.17E-21,7.02838E-21,2.00E-02,8.30E+00
1.75392E-22,2.1306E-22,2.462E-22,3.1379E-22,3.7013E-22,3.71E-22,5.46E-22,3.37E-21,2.09E-21,3.32E-21,4.25111E-21,2.00E-02,8.40E+00
8.60485E-23,1.14989E-22,1.46321E-22,1.99242E-22,2.5036E-22,2.52E-22,4.57E-22,3.05E-21,1.89E-21,3.16E-21,4.14981E-21,2.00E-02,8.50E+00
4.33531E-23,6.14719E-23,8.82319E-23,1.30499E-22,1.7493E-22,1.78E-22,3.89E-22,2.82E-21,1.75E-21,2.81E-21,3.60899E-21,2.00E-02,8.60E+00
2.15818E-23,3.05261E-23,5.00411E-23,8.4302E-23,1.23326E-22,1.26E-22,3.42E-22,3.31E-21,2.05E-21,3.58E-21,4.81997E-21,2.00E-02,8.70E+00
1.17247E-23,1.51159E-23,2.47253E-23,4.78377E-23,8.05996E-23,8.38E-23,2.87E-22,3.31E-21,2.05E-21,3.55E-21,4.75455E-21,2.00E-02,8.80E+00
4.93896E-24,6.33424E-24,1.04074E-23,2.43261E-23,5.0711E-23,5.37E-23,2.27E-22,2.98E-21,1.85E-21,3.27E-21,4.42451E-21,2.00E-02,8.90E+00
2.55777E-24,3.14994E-24,4.78012E-24,1.23252E-23,3.3036E-23,3.60E-23,1.75E-22,2.21E-21,1.37E-21,2.34E-21,3.10932E-21,2.00E-02,9.00E+00
1.2113E-24,1.44213E-24,1.99533E-24,5.5922E-24,2.05146E-23,2.31E-23,1.36E-22,1.53E-21,9.49E-22,1.46E-21,1.81461E-21,2.00E-02,9.10E+00
6.59642E-25,8.29271E-25,1.13412E-24,2.99457E-24,1.34229E-23,1.55E-23,1.05E-22,1.16E-21,7.18E-22,1.03E-21,1.22421E-21,2.00E-02,9.20E+00
4.21743E-25,5.64119E-25,7.90091E-25,1.86981E-24,9.12993E-24,1.07E-23,8.18E-23,1.08E-21,6.72E-22,1.13E-21,1.48069E-21,2.00E-02,9.30E+00
1.79023E-25,2.48405E-25,4.03521E-25,1.04995E-24,6.06627E-24,7.21E-24,6.39E-23,8.45E-22,5.25E-22,8.58E-22,1.10442E-21,2.00E-02,9.40E+00
7.94664E-26,1.01343E-25,1.62244E-25,4.8785E-25,3.77265E-24,4.56E-24,4.85E-23,6.89E-22,4.27E-22,7.16E-22,9.35054E-22,2.00E-02,9.50E+00
5.11732E-26,5.36962E-26,7.47397E-26,2.36947E-25,2.37486E-24,2.91E-24,3.70E-23,5.51E-22,3.42E-22,5.73E-22,7.47269E-22,2.00E-02,9.60E+00
3.74637E-26,3.51258E-26,3.72175E-26,1.0331E-25,1.47686E-24,1.84E-24,2.79E-23,4.29E-22,2.66E-22,4.48E-22,5.85565E-22,2.00E-02,9.70E+00
2.62756E-26,2.48206E-26,2.6311E-26,6.36621E-26,1.01398E-24,1.27E-24,2.14E-23,3.30E-22,2.05E-22,3.39E-22,4.39395E-22,2.00E-02,9.80E+00
2.10233E-26,1.94164E-26,1.9236E-26,3.96963E-26,7.57969E-25,9.55E-25,1.83E-23,2.92E-22,1.81E-22,3.02E-22,3.9127E-22,2.00E-02,9.90E+00
1.37887E-26,1.26849E-26,1.20009E-26,2.31407E-26,5.2502E-25,6.63E-25,1.19E-23,1.74E-22,1.08E-22,1.70E-22,2.13001E-22,2.00E-02,1.00E+01
1.50416E-26,1.40531E-26,1.37869E-26,1.96652E-26,3.40465E-25,4.30E-25,1.11E-23,1.89E-22,1.17E-22,1.99E-22,2.59627E-22,2.00E-02,1.01E+01
6.393E-27,5.77942E-27,5.35762E-27,7.98936E-27,2.48782E-25,3.16E-25,7.93E-24,1.25E-22,7.76E-23,1.25E-22,1.56105E-22,2.00E-02,1.02E+01
1.0562E-26,9.91411E-27,9.83976E-27,1.13372E-26,1.66872E-25,2.13E-25,7.60E-24,1.41E-22,8.75E-23,1.55E-22,2.07318E-22,2.00E-02,1.03E+01
1.24959E-25,1.47302E-25,1.69349E-25,2.31148E-25,4.30539E-25,4.75E-25,6.32E-24,9.43E-23,5.85E-23,8.99E-23,1.08836E-22,2.00E-02,1.04E+01
1.17762E-24,1.08033E-24,1.07299E-24,1.06988E-24,9.92442E-25,1.02E-24,4.44E-24,9.96E-23,6.18E-23,1.24E-22,1.7607E-22,2.00E-02,1.05E+01
4.00521E-25,3.4057E-25,3.5474E-25,4.8263E-25,3.29483E-25,3.51E-25,1.90E-24,4.30E-23,2.67E-23,4.88E-23,6.44083E-23,2.00E-02,1.06E+01
3.3528E-25,2.8968E-25,2.9996E-25,3.68163E-25,2.60668E-25,2.76E-25,1.75E-24,4.12E-23,2.56E-23,4.67E-23,6.16153E-23,2.00E-02,1.07E+01
3.53952E-25,3.00088E-25,3.11307E-25,4.34746E-25,2.83463E-25,3.01E-25,1.77E-24,4.07E-23,2.53E-23,4.52E-23,5.89524E-23,2.00E-02,1.08E+01
1.3938E-25,1.21657E-25,1.25668E-25,1.51389E-25,1.16559E-25,1.26E-25,3.01E-24,7.11E-23,4.41E-23,8.09E-23,1.09706E-22,2.00E-02,1.09E+01
1.29038E-25,1.09977E-25,1.14943E-25,1.65418E-25,1.0334E-25,1.10E-25,4.25E-25,1.05E-23,6.50E-24,1.19E-23,1.59234E-23,2.00E-02,1.10E+01
1.41494E-19,1.32155E-19,1.32971E-19,1.24225E-19,9.10193E-20,9.47E-20,1.52E-20,3.25E-20,2.02E-20,1.22E-20,6.50797E-21,3.00E-02,6.00E+00
1.53043E-19,1.40732E-19,1.43257E-19,1.37107E-19,1.04049E-19,1.08E-19,1.77E-20,3.81E-20,2.36E-20,1.43E-20,7.58023E-21,3.00E-02,6.10E+00
1.4656E-19,1.34031E-19,1.36825E-19,1.31481E-19,1.00405E-19,1.04E-19,1.72E-20,3.69E-20,2.29E-20,1.38E-20,7.34784E-21,3.00E-02,6.20E+00
1.35368E-19,1.24065E-19,1.27959E-19,1.21284E-19,9.40017E-20,9.74E-20,1.64E-20,3.54E-20,2.20E-20,1.34E-20,7.1383E-21,3.00E-02,6.30E+00
1.20494E-19,1.10838E-19,1.15363E-19,1.08826E-19,8.56321E-20,8.86E-20,1.54E-20,3.35E-20,2.08E-20,1.28E-20,6.88495E-21,3.00E-02,6.40E+00
9.91913E-20,9.06121E-20,9.43289E-20,9.23228E-20,7.44941E-20,7.71E-20,1.44E-20,3.25E-20,2.02E-20,1.29E-20,7.14047E-21,3.00E-02,6.50E+00
6.85314E-20,6.29229E-20,6.49127E-20,6.32108E-20,5.47171E-20,5.63E-20,1.25E-20,3.23E-20,2.00E-20,1.56E-20,1.16681E-20,3.00E-02,6.60E+00
4.9608E-20,4.49825E-20,4.63962E-20,4.46487E-20,3.84086E-20,3.96E-20,8.25E-21,2.51E-20,1.55E-20,1.84E-20,2.06222E-20,3.00E-02,6.70E+00
3.49964E-20,3.15906E-20,3.24087E-20,3.10939E-20,2.76457E-20,2.85E-20,6.19E-21,2.93E-20,1.82E-20,3.48E-20,4.8469E-20,3.00E-02,6.80E+00
2.43408E-20,2.19286E-20,2.28283E-20,2.24304E-20,2.01153E-20,2.08E-20,4.74E-21,2.66E-20,1.65E-20,3.47E-20,5.01438E-20,3.00E-02,6.90E+00
1.71098E-20,1.54252E-20,1.63987E-20,1.65713E-20,1.48368E-20,1.53E-20,3.71E-21,2.02E-20,1.25E-20,2.33E-20,3.21668E-20,3.00E-02,7.00E+00
1.19864E-20,1.09E-20,1.15995E-20,1.18622E-20,1.08723E-20,1.12E-20,3.03E-21,1.69E-20,1.05E-20,1.77E-20,2.35725E-20,3.00E-02,7.10E+00
8.68238E-21,8.00633E-21,8.47671E-21,8.74633E-21,8.16693E-21,8.35E-21,2.50E-21,1.32E-20,8.16E-21,1.28E-20,1.6405E-20,3.00E-02,7.20E+00
6.53541E-21,6.13271E-21,6.44717E-21,6.7046E-21,6.37249E-21,6.48E-21,2.15E-21,1.10E-20,6.82E-21,9.95E-21,1.23165E-20,3.00E-02,7.30E+00
5.02604E-21,4.81039E-21,5.02904E-21,5.29331E-21,5.12804E-21,5.19E-21,1.93E-21,9.70E-21,6.02E-21,8.24E-21,9.80576E-21,3.00E-02,7.40E+00
3.78298E-21,3.69294E-21,3.83997E-21,4.09091E-21,4.03256E-21,4.07E-21,1.69E-21,8.47E-21,5.26E-21,6.93E-21,8.02914E-21,3.00E-02,7.50E+00
2.88168E-21,2.87042E-21,2.97832E-21,3.2252E-21,3.23774E-21,3.25E-21,1.50E-21,7.24E-21,4.50E-21,5.68E-21,6.40086E-21,3.00E-02,7.60E+00
2.1515E-21,2.18899E-21,2.27193E-21,2.51061E-21,2.56767E-21,2.57E-21,1.35E-21,6.61E-21,4.10E-21,5.48E-21,6.51403E-21,3.00E-02,7.70E+00
1.5936E-21,1.65506E-21,1.72434E-21,1.94907E-21,2.02697E-21,2.02E-21,1.21E-21,5.68E-21,3.53E-21,4.11E-21,4.30193E-21,3.00E-02,7.80E+00
1.16053E-21,1.23151E-21,1.29139E-21,1.48934E-21,1.56951E-21,1.56E-21,1.07E-21,5.53E-21,3.43E-21,5.03E-21,6.15351E-21,3.00E-02,7.90E+00
8.53836E-22,9.24537E-22,9.80138E-22,1.1609E-21,1.24169E-21,1.24E-21,9.68E-22,5.31E-21,3.30E-21,5.87E-21,7.93422E-21,3.00E-02,8.00E+00
5.89776E-22,6.56487E-22,7.08015E-22,8.60895E-22,9.35724E-22,9.35E-22,8.74E-22,5.22E-21,3.24E-21,5.99E-21,8.20107E-21,3.00E-02,8.10E+00
3.74831E-22,4.33229E-22,4.79556E-22,5.99902E-22,6.67126E-22,6.68E-22,7.43E-22,4.42E-21,2.74E-21,5.21E-21,7.21705E-21,3.00E-02,8.20E+00
2.30806E-22,2.79564E-22,3.21931E-22,4.15365E-22,4.76619E-22,4.79E-22,6.55E-22,4.25E-21,2.64E-21,5.08E-21,7.06896E-21,3.00E-02,8.30E+00
1.24799E-22,1.61518E-22,1.99963E-22,2.69744E-22,3.24149E-22,3.27E-22,5.48E-22,3.55E-21,2.20E-21,4.11E-21,5.63844E-21,3.00E-02,8.40E+00
5.21189E-23,7.43679E-23,1.06162E-22,1.57696E-22,2.03861E-22,2.07E-22,4.38E-22,2.77E-21,1.72E-21,2.94E-21,3.85204E-21,3.00E-02,8.50E+00
2.24027E-23,3.23138E-23,5.33897E-23,9.03042E-23,1.28311E-22,1.32E-22,3.57E-22,2.90E-21,1.80E-21,3.54E-21,4.93472E-21,3.00E-02,8.60E+00
1.33182E-23,1.72808E-23,2.81937E-23,5.35416E-23,8.54175E-23,8.91E-23,2.88E-22,2.88E-21,1.79E-21,3.56E-21,4.98774E-21,3.00E-02,8.70E+00
6.73836E-24,8.39166E-24,1.27023E-23,2.72608E-23,5.39036E-23,5.75E-23,2.27E-22,2.21E-21,1.37E-21,2.38E-21,3.12711E-21,3.00E-02,8.80E+00
4.0252E-24,4.95922E-24,6.84251E-24,1.44848E-23,3.42289E-23,3.74E-23,1.86E-22,2.36E-21,1.46E-21,2.76E-21,3.75373E-21,3.00E-02,8.90E+00
1.96091E-24,2.33605E-24,3.08112E-24,6.72552E-24,2.1286E-23,2.41E-23,1.44E-22,2.00E-21,1.24E-21,2.51E-21,3.52857E-21,3.00E-02,9.00E+00
6.36529E-25,7.38975E-25,9.89822E-25,2.59674E-24,1.28833E-23,1.52E-23,1.15E-22,1.48E-21,9.21E-22,1.71E-21,2.31076E-21,3.00E-02,9.10E+00
3.90263E-25,4.93202E-25,6.68673E-25,1.56758E-24,8.96333E-24,1.08E-23,8.80E-23,8.95E-22,5.56E-22,7.51E-22,8.36296E-22,3.00E-02,9.20E+00
2.49458E-25,3.24339E-25,4.63144E-25,1.02338E-24,6.18549E-24,7.53E-24,7.15E-23,9.36E-22,5.81E-22,1.05E-21,1.39778E-21,3.00E-02,9.30E+00
1.52026E-25,2.06275E-25,3.36645E-25,7.23919E-25,4.26599E-24,5.22E-24,5.75E-23,8.12E-22,5.04E-22,9.07E-22,1.21084E-21,3.00E-02,9.40E+00
8.20434E-26,8.46461E-26,1.15526E-25,2.94479E-25,2.65058E-24,3.30E-24,4.31E-23,6.29E-22,3.91E-22,6.98E-22,9.32945E-22,3.00E-02,9.50E+00
4.63186E-26,4.40157E-26,5.00793E-26,1.26293E-25,1.6377E-24,2.07E-24,3.31E-23,5.09E-22,3.16E-22,5.59E-22,7.46693E-22,3.00E-02,9.60E+00
3.77411E-26,3.49334E-26,3.54753E-26,6.90078E-26,1.03103E-24,1.31E-24,2.49E-23,3.93E-22,2.44E-22,4.29E-22,5.71707E-22,3.00E-02,9.70E+00
1.88471E-26,1.73093E-26,1.6536E-26,2.96606E-26,6.36837E-25,8.16E-25,1.68E-23,2.52E-22,1.57E-22,2.58E-22,3.30036E-22,3.00E-02,9.80E+00
2.33804E-26,2.14365E-26,2.06055E-26,2.72448E-26,4.57781E-25,5.86E-25,1.40E-23,2.32E-22,1.44E-22,2.51E-22,3.31231E-22,3.00E-02,9.90E+00
1.95814E-26,1.81099E-26,1.75835E-26,2.1034E-26,3.0927E-25,3.96E-25,1.18E-23,2.06E-22,1.28E-22,2.25E-22,2.98121E-22,3.00E-02,1.00E+01
1.18359E-26,1.23563E-26,1.81188E-26,4.08299E-26,2.93519E-25,3.66E-25,1.06E-23,1.87E-22,1.16E-22,2.10E-22,2.81913E-22,3.00E-02,1.01E+01
6.65325E-25,6.89955E-25,7.20762E-25,8.12345E-25,9.63919E-25,1.00E-24,5.86E-24,8.92E-23,5.54E-23,9.23E-23,1.16501E-22,3.00E-02,1.02E+01
5.90577E-25,4.90625E-25,5.0636E-25,6.15148E-25,5.38911E-25,5.85E-25,5.81E-24,1.13E-22,7.00E-23,1.31E-22,1.7874E-22,3.00E-02,1.03E+01
4.7597E-25,4.05602E-25,4.23765E-25,5.71434E-25,4.29205E-25,4.66E-25,3.54E-24,6.46E-23,4.01E-23,6.98E-23,8.90487E-23,3.00E-02,1.04E+01
5.65794E-25,4.86587E-25,5.06621E-25,7.0636E-25,4.73675E-25,5.09E-25,4.42E-24,9.99E-23,6.20E-23,1.21E-22,1.67523E-22,3.00E-02,1.05E+01
2.96792E-25,2.49496E-25,2.62936E-25,3.69493E-25,2.44349E-25,2.60E-25,1.53E-24,3.81E-23,2.37E-23,4.53E-23,5.95619E-23,3.00E-02,1.06E+01
3.49021E-25,3.05182E-25,3.07227E-25,3.20238E-25,2.41834E-25,2.54E-25,1.30E-24,3.40E-23,2.11E-23,4.07E-23,5.35875E-23,3.00E-02,1.07E+01
1.58428E-25,1.3899E-25,1.39131E-25,1.39963E-25,1.09779E-25,1.16E-25,1.25E-24,3.35E-23,2.08E-23,3.96E-23,5.19986E-23,3.00E-02,1.08E+01
3.42392E-25,3.00005E-25,2.99437E-25,2.93706E-25,2.36382E-25,2.48E-25,2.76E-24,7.05E-23,4.37E-23,8.34E-23,1.13264E-22,3.00E-02,1.09E+01
2.08011E-25,1.82549E-25,1.85297E-25,1.97474E-25,1.45151E-25,1.52E-25,3.72E-25,9.62E-24,5.97E-24,1.13E-23,1.51724E-23,3.00E-02,1.10E+01
1.48613E-19,1.36957E-19,1.41395E-19,1.35809E-19,1.027E-19,1.07E-19,1.81E-20,3.99E-20,2.47E-20,1.54E-20,8.38755E-21,4.00E-02,6.00E+00
1.4947E-19,1.35531E-19,1.41544E-19,1.38343E-19,1.06147E-19,1.10E-19,1.81E-20,3.88E-20,2.41E-20,1.46E-20,7.80406E-21,4.00E-02,6.10E+00
1.38651E-19,1.2485E-19,1.31219E-19,1.28969E-19,9.97335E-20,1.04E-19,1.71E-20,3.68E-20,2.28E-20,1.38E-20,7.39668E-21,4.00E-02,6.20E+00
1.31016E-19,1.1839E-19,1.25288E-19,1.21062E-19,9.5682E-20,9.91E-20,1.68E-20,3.62E-20,2.25E-20,1.37E-20,7.3609E-21,4.00E-02,6.30E+00
1.17304E-19,1.06382E-19,1.13683E-19,1.10269E-19,8.63101E-20,8.93E-20,1.56E-20,3.41E-20,2.12E-20,1.32E-20,7.15923E-21,4.00E-02,6.40E+00
9.40187E-20,8.53613E-20,9.03472E-20,8.88558E-20,7.11755E-20,7.36E-20,1.35E-20,3.01E-20,1.87E-20,1.18E-20,6.43238E-21,4.00E-02,6.50E+00
6.47523E-20,5.91002E-20,6.22064E-20,6.15263E-20,5.32218E-20,5.48E-20,1.21E-20,3.12E-20,1.94E-20,1.56E-20,1.20237E-20,4.00E-02,6.60E+00
4.49291E-20,4.08723E-20,4.2742E-20,4.17117E-20,3.69454E-20,3.81E-20,8.17E-21,2.87E-20,1.78E-20,2.91E-20,3.78687E-20,4.00E-02,6.70E+00
3.26868E-20,2.95875E-20,3.10559E-20,3.06527E-20,2.77832E-20,2.87E-20,6.28E-21,2.64E-20,1.64E-20,3.33E-20,4.72071E-20,4.00E-02,6.80E+00
2.216E-20,1.99895E-20,2.13634E-20,2.17451E-20,1.97724E-20,2.04E-20,4.69E-21,2.23E-20,1.38E-20,2.99E-20,4.32042E-20,4.00E-02,6.90E+00
1.55474E-20,1.40708E-20,1.52196E-20,1.58109E-20,1.45342E-20,1.50E-20,3.72E-21,1.80E-20,1.12E-20,2.15E-20,2.99131E-20,4.00E-02,7.00E+00
1.0939E-20,1.00127E-20,1.07936E-20,1.13174E-20,1.0644E-20,1.09E-20,3.03E-21,1.55E-20,9.64E-21,1.77E-20,2.4006E-20,4.00E-02,7.10E+00
8.00142E-21,7.43469E-21,7.95902E-21,8.40154E-21,8.03644E-21,8.20E-21,2.53E-21,1.31E-20,8.11E-21,1.36E-20,1.7748E-20,4.00E-02,7.20E+00
6.13883E-21,5.81378E-21,6.17838E-21,6.57517E-21,6.39199E-21,6.49E-21,2.19E-21,9.88E-21,6.13E-21,9.01E-21,1.10901E-20,4.00E-02,7.30E+00
4.58943E-21,4.43637E-21,4.68343E-21,5.03738E-21,4.97953E-21,5.03E-21,1.93E-21,9.88E-21,6.13E-21,8.97E-21,1.09512E-20,4.00E-02,7.40E+00
3.48338E-21,3.43891E-21,3.61549E-21,3.94455E-21,3.96634E-21,3.99E-21,1.71E-21,8.21E-21,5.10E-21,6.92E-21,8.10882E-21,4.00E-02,7.50E+00
2.65059E-21,2.67297E-21,2.80462E-21,3.11191E-21,3.18369E-21,3.19E-21,1.53E-21,7.24E-21,4.49E-21,5.79E-21,6.54852E-21,4.00E-02,7.60E+00
1.92289E-21,1.98281E-21,2.08328E-21,2.36341E-21,2.45386E-21,2.45E-21,1.35E-21,6.38E-21,3.96E-21,5.43E-21,6.58114E-21,4.00E-02,7.70E+00
1.42776E-21,1.50333E-21,1.58685E-21,1.84001E-21,1.93661E-21,1.93E-21,1.20E-21,5.53E-21,3.43E-21,4.25E-21,4.66926E-21,4.00E-02,7.80E+00
1.03115E-21,1.1114E-21,1.18483E-21,1.41024E-21,1.50418E-21,1.50E-21,1.10E-21,5.77E-21,3.58E-21,5.86E-21,7.66793E-21,4.00E-02,7.90E+00
7.13113E-22,7.87583E-22,8.5194E-22,1.04132E-21,1.12292E-21,1.12E-21,9.48E-22,5.07E-21,3.14E-21,6.23E-21,8.98886E-21,4.00E-02,8.00E+00
4.82203E-22,5.49523E-22,6.07284E-22,7.61586E-22,8.33096E-22,8.34E-22,8.35E-22,4.64E-21,2.88E-21,5.82E-21,8.39002E-21,4.00E-02,8.10E+00
3.02716E-22,3.60789E-22,4.12272E-22,5.33224E-22,5.97107E-22,5.99E-22,7.20E-22,4.00E-21,2.48E-21,4.79E-21,6.73225E-21,4.00E-02,8.20E+00
1.72368E-22,2.18744E-22,2.65144E-22,3.57218E-22,4.14917E-22,4.18E-22,6.30E-22,3.99E-21,2.48E-21,5.16E-21,7.46889E-21,4.00E-02,8.30E+00
8.18189E-23,1.12482E-22,1.52197E-22,2.19509E-22,2.6949E-22,2.74E-22,5.19E-22,3.23E-21,2.00E-21,3.94E-21,5.60352E-21,4.00E-02,8.40E+00
3.49889E-23,4.96176E-23,7.66459E-23,1.22552E-22,1.62055E-22,1.66E-22,4.01E-22,2.81E-21,1.74E-21,3.61E-21,5.1925E-21,4.00E-02,8.50E+00
1.87527E-23,2.50108E-23,4.07901E-23,7.33526E-23,1.07691E-22,1.12E-22,3.23E-22,2.65E-21,1.65E-21,3.61E-21,5.23432E-21,4.00E-02,8.60E+00
9.33042E-24,1.17161E-23,1.8684E-23,3.84E-23,6.72271E-23,7.13E-23,2.59E-22,2.34E-21,1.45E-21,2.98E-21,4.18108E-21,4.00E-02,8.70E+00
4.28046E-24,5.33437E-24,7.92672E-24,1.80937E-23,4.12291E-23,4.52E-23,2.06E-22,1.99E-21,1.23E-21,2.35E-21,3.18927E-21,4.00E-02,8.80E+00
2.55775E-24,3.09519E-24,4.21022E-24,8.85844E-24,2.47166E-23,2.79E-23,1.66E-22,2.08E-21,1.29E-21,2.69E-21,3.77559E-21,4.00E-02,8.90E+00
1.61909E-24,1.8734E-24,2.40206E-24,4.65071E-24,1.60182E-23,1.87E-23,1.28E-22,1.73E-21,1.07E-21,2.46E-21,3.58466E-21,4.00E-02,9.00E+00
6.96267E-25,8.26747E-25,1.08764E-24,2.18805E-24,1.01896E-23,1.23E-23,1.05E-22,1.29E-21,8.02E-22,1.59E-21,2.195E-21,4.00E-02,9.10E+00
2.23975E-25,2.47396E-25,3.22041E-25,7.68548E-25,6.31766E-24,7.92E-24,8.00E-23,8.99E-22,5.58E-22,8.91E-22,1.10218E-21,4.00E-02,9.20E+00
2.00689E-25,2.64525E-25,3.82706E-25,7.54674E-25,4.729E-24,5.89E-24,6.26E-23,7.76E-22,4.81E-22,8.64E-22,1.14848E-21,4.00E-02,9.30E+00
1.02383E-25,1.29704E-25,2.20853E-25,5.02689E-25,3.28117E-24,4.10E-24,5.19E-23,7.14E-22,4.43E-22,8.23E-22,1.12789E-21,4.00E-02,9.40E+00
7.03034E-26,7.31237E-26,1.00873E-25,2.31057E-25,2.04209E-24,2.59E-24,4.13E-23,6.36E-22,3.95E-22,7.16E-22,9.69493E-22,4.00E-02,9.50E+00
5.65956E-26,5.20374E-26,5.42605E-26,9.80221E-26,1.20699E-24,1.55E-24,2.98E-23,4.79E-22,2.97E-22,5.50E-22,7.55261E-22,4.00E-02,9.60E+00
2.7521E-26,2.50334E-26,2.36575E-26,3.68218E-26,7.02095E-25,9.11E-25,2.05E-23,3.21E-22,1.99E-22,3.46E-22,4.57336E-22,4.00E-02,9.70E+00
2.84172E-26,2.60481E-26,2.51742E-26,3.1559E-26,4.46347E-25,5.76E-25,1.45E-23,2.38E-22,1.48E-22,2.59E-22,3.40986E-22,4.00E-02,9.80E+00
1.00821E-25,1.38369E-25,1.7936E-25,2.62163E-25,6.09356E-25,7.07E-25,1.28E-23,2.10E-22,1.30E-22,2.31E-22,3.05426E-22,4.00E-02,9.90E+00
1.35641E-24,1.1678E-24,1.17301E-24,1.21339E-24,1.11415E-24,1.21E-24,9.24E-24,1.64E-22,1.02E-22,1.90E-22,2.58789E-22,4.00E-02,1.00E+01
7.34483E-25,6.26901E-25,6.47091E-25,8.01617E-25,6.74687E-25,7.43E-25,6.68E-24,1.07E-22,6.63E-23,1.08E-22,1.34049E-22,4.00E-02,1.01E+01
6.07061E-25,5.08897E-25,5.28533E-25,6.77827E-25,5.35813E-25,5.82E-25,5.34E-24,1.06E-22,6.59E-23,1.27E-22,1.74041E-22,4.00E-02,1.02E+01
4.44273E-25,3.87026E-25,3.92589E-25,4.46298E-25,3.63295E-25,3.94E-25,4.96E-24,1.01E-22,6.27E-23,1.19E-22,1.60567E-22,4.00E-02,1.03E+01
5.11198E-25,4.28224E-25,4.38585E-25,5.18707E-25,3.98212E-25,4.25E-25,3.10E-24,6.09E-23,3.78E-23,6.80E-23,8.7154E-23,4.00E-02,1.04E+01
1.95626E-25,1.71559E-25,1.70711E-25,1.66076E-25,1.52738E-25,1.65E-25,3.84E-24,8.94E-23,5.55E-23,1.08E-22,1.4776E-22,4.00E-02,1.05E+01
2.89953E-25,2.51096E-25,2.46594E-25,2.29149E-25,1.95126E-25,2.04E-25,1.50E-24,3.99E-23,2.47E-23,4.97E-23,6.62458E-23,4.00E-02,1.06E+01
3.56495E-25,3.13137E-25,3.13631E-25,3.10186E-25,2.35956E-25,2.47E-25,1.08E-24,3.05E-23,1.89E-23,3.80E-23,5.007E-23,4.00E-02,1.07E+01
1.30646E-25,1.13354E-25,1.13093E-25,1.10773E-25,8.77418E-26,9.21E-26,1.01E-24,2.96E-23,1.84E-23,3.66E-23,4.81787E-23,4.00E-02,1.08E+01
1.25844E-25,1.06338E-25,1.03779E-25,9.71116E-26,8.43144E-26,8.83E-26,1.15E-24,3.14E-23,1.95E-23,3.70E-23,4.81126E-23,4.00E-02,1.09E+01
1.12597E-25,9.60027E-26,9.37336E-26,8.74526E-26,7.70302E-26,8.06E-26,1.11E-24,3.12E-23,1.94E-23,3.88E-23,5.38326E-23,4.00E-02,1.10E+01
