RA_UVIT (deg),RA_std (deg),DEC_UVIT (deg),DEC_std (deg),F148W_AB,F148W_err,F172M_AB,F172M_err,N219M_AB,N219M_err,N279N_AB,N279N_err,F169M_AB,F169M_err,Field,Seq,Source_ID,f,p,c,RAJ2000,DEJ2000,U_vega,B_vega,V_vega,R_vega,I_vega,J_vega,H_vega,K_vega,NUV,NUV_err,FUV,FUV_err,Vr,e_Vr,E_B-V_1,e_E_B-V_1,E_B-V_2,r_E_B-V_2,__Fe_H_,Hbet,x,y,Rp,SimbadName,Separation
10.4393428,1.29E-04,41.2253833,1.02E-04,21.78499367,0.085269239,22.08214509,0.146267278,23.02236107,0.307954501,22.11098698,0.307281232,22.24073805,0.130842992,1,?,B048,1,0,0,10.43962917,41.2252,18.04,17.59,16.51,15.89,15.23,14.207,13.384,13.337,21.326,0.096,21.69,0.154,-251,12,0.19,0.02,0.36,0,-0.55,2.9,-8.88,7.09,2.59,Bol 048,1.018162856
10.4598664,3.16E-04,41.20352455,2.08E-04,28.03114528,0.866202237,24.97387614,0.542649486,99.99,99.99,99.99,99.99,25.10976578,0.481158556,1,?,B055,1,0,0,10.45996667,41.20346667,19.134,18.079,16.777,15.937,14.985,13.69,12.825,12.637,,,,,-308,8,0.2,0,0.54,0,-0.31,2.8,-9.35,5.57,2.48,Bol 055,0.342306222
10.47534141,2.53E-04,41.18344369,6.48E-05,23.8774248,0.145454873,23.39842458,0.264034677,23.28280902,0.34675631,22.37143493,0.346158517,24.67025243,0.393285198,1,?,B059,1,0,0,10.47541667,41.18358333,18.958,18.392,17.05,16.41,15.72,14.726,13.971,13.856,,,,,-332,12,0.29,0.01,0.49,0,-0.75,1.21,-9.86,4.29,2.45,Bol 059,0.542507221
10.50791802,1.37E-04,41.1854353,1.78E-05,21.17770534,0.079103884,21.21000259,0.100477087,20.39319795,0.097201716,19.48182386,0.095047117,21.41738446,0.091573758,1,?,B064,1,0,0,10.50803333,41.18541667,17.15,17.05,16.31,15.78,15.17,14.467,13.713,13.643,20.125,0.043,20.983,0.092,-307,45,0.17,0.01,0.17,0,-1.37,1.77,-8.87,3.19,2.15,Bol 064,0.319534355
10.52866684,1.69E-04,41.13232057,2.95E-05,22.08859178,0.089632817,22.15110881,0.150784803,21.1719947,0.134813418,20.26062062,0.133268296,22.76026129,0.164933159,1,?,B070,1,0,1,10.52872083,41.13233611,17.8,17.61,16.762,16.5,15.716,15.036,14.395,14.823,20.72,0.067,21.847,0.171,-301,15,0.12,0.04,0.2,0,-1.42,2.56,-10.81,0.5,2.46,Bol 070,0.15673548
10.52976253,4.41E-04,41.20327138,2.45E-04,99.99,99.99,25.74154798,0.772156734,23.01436903,0.306836653,22.10299495,0.306160926,24.61936492,0.384216917,1,?,B071,1,0,0,10.529725,41.20335,19.751,18.93,17.79,17.41,16.51,14.687,14.611,,,,,,-479,8,1.08,0.04,0.24,0,0.05,2.06,-7.42,3.08,1.83,Bol 071,0.300726564
10.53681412,1.83E-04,41.33916709,1.93E-04,24.80084534,0.207238731,24.6691914,0.47185086,22.87764096,0.288343809,21.96626687,0.287624639,24.07026132,0.298828111,1,?,B075,1,0,1,10.53676667,41.33923611,18.733,18.25,17.33,16.66,16.239,15.489,15.534,15.009,22.468,0.181,,,-212,12,0.19,0.01,0.32,0,-1.33,2.17,-0.79,7.84,1.79,Bol 075,0.279642152
10.54674132,3.20E-04,41.126105,3.18E-04,99.99,99.99,24.94529983,0.535577648,23.41414232,0.368178753,22.50276823,0.367615798,25.60754911,0.60479366,1,?,B077,1,0,1,10.54637083,41.12611111,18.51,18.59,17.289,16.5,15.99,15,14.172,14.558,,,,,-681,25,0.97,0.03,0.46,0,,,-10.61,-0.36,2.42,Bol 077,1.004896708
10.55104359,5.97E-04,41.2998739,2.46E-04,99.99,99.99,99.99,99.99,24.49992478,0.605437771,23.58855069,0.605095592,25.20646452,0.503005715,1,?,B078,1,0,0,10.55062917,41.29966667,20.138,19.09,17.817,16.74,15.8,14.63,13.741,13.675,,,,,-260,15,0.44,0.07,0.43,2,,,-2.28,5.89,1.44,Bol 078,1.346415447
10.55144921,2.49E-04,41.31685887,2.03E-04,25.72760603,0.306969975,24.42266634,0.421435465,25.32784281,0.885719427,24.41646872,0.885485565,25.13192878,0.486080012,1,?,B080,1,0,1,10.5515375,41.31691389,19.288,18.663,17.442,16.53,15.65,14.715,13.789,13.63,,,,,-255,21,0.33,0.11,0.72,0,,,-1.44,6.49,1.51,Bol 080,0.310210082
10.57242072,5.67E-04,41.31559314,2.86E-04,99.99,99.99,24.95564113,0.538126056,99.99,99.99,99.99,99.99,25.34873019,0.536974252,1,?,B084,1,0,1,10.57270417,41.31550556,20.134,19.401,18.155,17.343,16.598,15.284,14.459,13.997,,,,,-326,10,0.26,0.04,0.62,0,,,-0.92,5.68,1.31,Bol 084,0.828737036
10.57770782,1.85E-05,41.23386992,5.54E-05,19.61068114,0.07228148,19.41694397,0.051850885,19.00240711,0.058646448,18.09103302,0.055001697,19.66216788,0.047085254,1,?,B086,1,0,1,10.57772083,41.233925,15.985,15.899,15.131,14.661,14.091,13.394,12.838,12.761,18.697,0.02,19.614,0.047,-189,21,0.15,0.01,0.13,0,-1.8,2.55,-4.64,2.5,1.2,Bol 086,0.201392668
10.59047291,8.81E-05,41.36809041,1.08E-04,21.82684983,0.085812687,21.31673739,0.105082618,21.24135076,0.138921163,20.32997667,0.137422234,21.94066077,0.11468269,1,?,B091,1,0,1,10.59045833,41.36816667,18.459,18.36,17.56,17.651,17.273,,,,20.809,0.051,22.036,0.14,-290,12,,,0.25,1,,7.47,2.07,7,1.66,Bol 091,0.277333376
10.59317901,8.43E-05,41.13582989,8.58E-05,22.67363584,0.101331346,22.51408568,0.177178594,22.55355823,0.24895267,21.64218415,0.248119351,22.52758246,0.148621615,1,?,B092,1,0,0,10.593225,41.13574167,18.11,17.83,16.92,16.46,15.74,15.165,14.557,14.743,21.167,0.094,,,-431,38,0.12,0.02,0.11,0,-1.14,1.79,-8.85,-1.68,2.05,Bol 092,0.341211832
10.59647209,1.10E-04,41.36199275,1.23E-04,24.50047518,0.183721861,23.34755408,0.258003699,23.01541008,0.306982029,22.104036,0.306306623,24.10096563,0.303050927,1,?,B093,1,0,1,10.59639167,41.36210278,18.13,17.84,16.87,16.18,15.66,14.456,13.872,13.601,22.291,0.175,,,-447,12,0.3,0.02,0.39,0,-0.74,3.14,1.94,6.56,1.56,Bol 093,0.451794961
10.6078604,4.63E-04,41.09327377,2.44E-04,24.87055526,0.213238225,99.99,99.99,25.01864119,0.768349362,24.1072671,0.768079763,24.4798041,0.360415292,1,?,B095,1,0,0,10.60775,41.09340833,17.46,16.76,15.81,15.371,14.68,13.05,,12.46,22.39,0.24,,,-233,10,0.43,0.04,0.46,0,-0.79,1.62,-10.45,-3.76,2.53,Bol 095,0.569549898
10.60873377,3.74E-04,41.32093526,4.31E-04,99.99,99.99,25.00478948,0.550405532,99.99,99.99,99.99,99.99,24.45104982,0.355699492,1,?,B096,1,0,1,10.60866667,41.320775,18.56,17.72,16.61,15.85,15.13,13.814,13.082,12.82,21.7,0.132,22.224,0.17,-260,20,0.26,0.02,0.63,0,-0.23,1.44,0.33,4.6,1.05,Bol 096,0.604786245
10.614481,1.99E-04,41.42555005,1.92E-04,24.51182692,0.184545182,24.6463244,0.466928817,22.90657329,0.292159212,21.9951992,0.291449457,26.09664584,0.757317976,1,?,B097,1,0,1,10.61439583,41.42560556,18.15,17.95,16.85,16.18,15.48,14.55,13.936,13.771,,,,,-283,11,0.29,0.01,0.34,0,-0.95,2.87,5.45,8.27,2.25,Bol 097,0.304577738
10.61492388,3.86E-05,41.16747781,9.30E-05,22.30092943,0.093326638,22.06592103,0.145226071,21.74803167,0.173507148,20.83665758,0.172309347,22.68383314,0.159375975,1,?,B099,1,0,0,10.61505833,41.16761111,17.89,17.59,16.74,16.21,15.42,14.54,13.985,13.59,20.814,0.112,,,-200,11,0.16,0.03,0.16,0,-0.86,1.77,-6.74,-1.28,1.56,Bol 099,0.602528172
10.62083332,2.75E-05,41.13768882,6.56E-05,21.29578574,0.08007977,21.05690388,0.094288536,21.09894323,0.130634881,20.18756914,0.129039734,21.33067447,0.08828897,1,?,B101,1,0,1,10.62094583,41.13771389,18.06,17.68,16.87,16.28,15.65,14.676,14.078,13.957,20.536,0.064,21.267,0.126,-489,68,0.17,0.02,0.13,0,,,-7.99,-2.59,1.91,Bol 101,0.318130869
10.62385115,7.81E-05,41.29926952,1.08E-04,22.37166939,0.094688945,22.38441419,0.167221608,21.65653568,0.166622119,20.7451616,0.165374458,22.61238159,0.154359232,1,?,B103,1,0,1,10.62387917,41.29933889,16.63,16.25,15.23,14.66,13.92,12.824,12.099,11.937,21.195,0.135,22.65,0.27,-334,10,0.19,0.02,0.34,0,-0.43,1.56,-0.26,3.27,0.75,Bol 103,0.260983304
10.62472792,3.90E-05,41.29039993,5.21E-05,22.23206154,0.092065379,21.4141102,0.109503808,21.86643669,0.182875604,20.9550626,0.181739559,22.80793659,0.168502663,1,?,B104,1,0,1,10.62488333,41.29043333,18.489,18.285,17.51,16.957,16.86,16.225,16.08,15.233,21.09,0.156,22.045,0.19,-395,10,0.04,0.01,0.2,0,,,-0.66,2.9,0.68,Bol 104,0.437229687
10.62928416,7.50E-05,41.20503058,6.79E-05,24.49255953,0.183150662,24.05813046,0.356679049,22.6046759,0.254775942,21.69330182,0.253961732,23.8758743,0.273446333,1,?,B106,1,0,0,10.62931667,41.20510833,17.6,17,16.03,15.46,14.77,13.98,13.222,13.149,21.744,0.164,,,-102,25,0.12,0.02,0.22,0,-0.81,0.67,-4.57,-0.4,1.05,Bol 106,0.29344315
10.63019646,4.97E-05,41.32739061,9.13E-05,20.70243548,0.076013755,21.04208836,0.093714761,20.51364139,0.102099168,19.6022673,0.100050092,21.14978416,0.081880112,1,?,B107,1,0,1,10.63022917,41.32746389,17.23,16.725,15.94,15.29,14.66,13.718,13.018,12.914,20.338,0.044,20.961,0.076,-337,23,0.28,0.02,0.22,0,-1.2,2.02,1.24,4.08,0.97,Bol 107,0.278214677
10.63025475,4.92E-04,41.14774458,2.36E-04,99.99,99.99,99.99,99.99,23.43762932,0.372149498,22.52625524,0.371592558,99.99,99.99,1,?,B108,1,0,0,10.62989167,41.14760556,18.976,18.36,17.47,16.77,15.89,15.06,14.314,14.25,,,,,-548,11,0.46,0.05,0.22,0,,,-7.27,-2.55,1.76,Bol 108,1.104211584
10.6340775,5.05E-04,41.17448676,1.96E-04,25.45794718,0.273103871,23.83050349,0.321456756,99.99,99.99,99.99,99.99,99.99,99.99,1,?,B109,1,0,1,10.63402917,41.17440833,18.25,17.34,16.22,15.64,14.9,13.868,13.167,12.947,,,,,-372,12,0.08,0.02,0.2,0,,,-5.89,-1.7,1.4,Bol 109,0.311239222
10.63861218,3.83E-04,41.29544332,2.88E-04,23.86235113,0.144682582,99.99,99.99,99.99,99.99,99.99,99.99,99.99,99.99,1,?,B112,1,0,1,10.6385125,41.29510556,18.07,17.33,16.26,15.56,14.97,13.594,12.84,12.618,,,,,-237,20,0.14,0.02,0.13,3,0.13,2.09,-0.06,2.59,0.59,Bol 112,1.245478107
10.64288715,5.19E-05,41.21254372,2.66E-05,22.05891203,0.089160939,21.92750634,0.136666199,21.14089944,0.133016474,20.22952535,0.131450231,22.42315995,0.141866484,1,?,B114,1,0,1,10.64292917,41.21251389,18.03,17.7,17.28,16.57,15.98,14.897,14.204,13.738,20.936,0.074,,,-271,20,0.16,0.02,0.19,0,,,-3.84,-0.61,0.89,Bol 114,0.156467379
10.64335009,1.40E-04,41.23383929,2.60E-04,99.99,99.99,23.57205477,0.285731421,22.68607008,0.264340938,21.77469599,0.263556279,24.04737661,0.295719643,1,?,B115,1,0,1,10.64335,41.23385278,17.88,17.05,16.03,15.44,14.57,13.444,12.654,12.428,,,,,-549,22,0.12,0.01,0.18,0,0.06,0.12,-2.82,0.16,0.64,Bol 115,0.048574305
10.65040362,2.19E-04,41.29312548,1.59E-04,24.74606337,0.202672231,23.3066019,0.253251607,22.57970896,0.251914302,21.66833488,0.251090812,24.1634511,0.311832687,1,?,B119,1,0,1,10.6503375,41.29316389,18.784,18.351,17.408,16.812,16.177,14.832,14.027,14.18,,,,,-310,11,0.14,0.02,0.21,0,-0.25,1.65,0.18,2.1,0.48,Bol 119,0.226064489
10.66936129,2.58E-04,41.17590724,2.83E-04,24.80912109,0.207939822,99.99,99.99,23.66466193,0.412847685,22.75328784,0.412345719,99.99,99.99,1,?,B123,1,0,1,10.66944583,41.17591944,18.632,18.231,17.416,16.754,16.126,15.188,14.615,14.554,,,,,-368,12,0.3,0.03,0.2,0,,,-4.84,-2.91,1.29,Bol 123,0.233249463
10.67261325,2.55E-05,41.25659449,2.89E-05,20.49294154,0.07499958,20.44823726,0.07399132,20.28782967,0.093159561,19.37645558,0.090909211,20.73633524,0.069276608,1,?,B124,1,0,1,10.67266667,41.25657222,16.094,15.589,14.777,14.051,13.63,12.189,11.414,11.487,19.64,0.21,20.617,0.188,70,13,0.04,0.01,0.17,0,,,-0.93,-0.04,0.21,Bol 124,0.165286499
10.67611779,1.28E-05,41.09202743,1.21E-04,21.1723665,0.079061951,20.94286694,0.089981959,20.53987359,0.103206437,19.6284995,0.101179788,21.21197965,0.084017984,1,?,B125,1,0,1,10.67608333,41.09193056,17.327,17.19,16.444,15.97,15.386,14.948,14.17,14.489,20.189,0.044,21.143,0.113,-641,12,0.05,0.02,0.11,0,-1.99,3.21,-8.62,-6.25,2.43,Bol 125,0.361052131
10.68203226,3.08E-05,41.21192423,1.76E-05,21.1210769,0.078668355,21.06514529,0.094609587,21.54295687,0.158484953,20.63158278,0.157172711,21.21428894,0.084098665,1,?,B126,1,0,1,10.68200417,41.21186111,18.059,17.924,17.149,16.662,16.168,15.668,14.796,14.725,20.712,0.066,21.306,0.098,-184,13,0.04,0.01,0.13,0,-1.48,3.65,-2.79,-2.03,0.79,Bol 126,0.239621248
10.68538326,4.29E-05,41.24485321,2.57E-05,20.69635971,0.075981711,20.52053915,0.076076229,20.13946783,0.087831513,19.22809374,0.085440947,21.01376401,0.077433848,1,?,B127,1,0,1,10.68540833,41.24483611,15.756,14.966,14.467,13.292,13.23,12.217,11.509,11.38,19.388,0.083,20.661,0.113,-470,9,0.09,0.02,0.2,0,-0.54,1.68,-1.13,-0.93,0.33,Bol 127,0.091615899
10.69893616,1.33E-04,41.18704917,2.60E-04,25.89434697,0.330239363,23.62120389,0.292198646,23.73376234,0.426109553,22.82238825,0.425623228,24.86421926,0.429875556,1,?,B128,1,0,1,10.69915,41.18715278,18.445,17.89,16.88,16.34,15.76,14.7,14.13,13.861,,,,,-379,9,0.15,0.01,0.24,2,,,-3.48,-3.55,1.13,Bol 128,0.689016369
10.71160218,1.63E-05,41.28536698,5.08E-05,20.7015999,0.076009338,20.46488295,0.074464169,20.38221756,0.096770128,19.47084348,0.0946057,20.90532069,0.07410473,1,?,B131,1,0,1,10.71167083,41.28542222,16.619,16.22,15.342,14.8,14.279,13.37,,12.62,19.891,0.112,20.81,0.126,-424,28,0.12,0.04,0.18,0,-0.15,1.6,1.51,-0.36,0.35,Bol 131,0.272104861
10.71386717,6.87E-05,41.26159727,3.66E-04,99.99,99.99,99.99,99.99,22.574244,0.251292377,21.66286992,0.250466844,99.99,99.99,1,?,B132,1,0,1,10.71419583,41.26135,19.61,18.666,17.739,16.886,16.44,14.692,13.746,13.701,,,,,35,28,,,0.3,0,,,0.45,-1.34,0.32,Bol 132,1.258362753
10.71529015,1.87E-04,41.23433174,2.14E-05,24.09446924,0.157332249,23.61622029,0.291536122,22.2852437,0.220576601,21.37386962,0.219635647,23.20341205,0.201413316,1,?,B134,1,0,1,10.715325,41.23428333,17.63,17.48,16.57,16.07,15.45,14.402,13.928,13.812,21.305,0.198,,,-369,11,0.03,0.02,0.13,0,-0.79,1.78,-0.8,-2.38,0.57,Bol 134,0.198166733
10.72347007,6.08E-05,41.32607009,9.14E-05,22.15670452,0.090755759,22.45779412,0.172780758,21.63028492,0.164701817,20.71891084,0.163439498,22.20914665,0.129029763,1,?,B136,1,0,1,10.72352917,41.32614444,18.07,17.98,17.005,16.52,16.07,15.31,,14.45,20.927,0.094,22.24,0.22,-628,16,0.36,0.04,0.12,0,,,3.77,0.72,0.87,Bol 136,0.311718356
10.73157811,2.51E-04,41.30983833,1.99E-04,99.99,99.99,24.12636374,0.367982731,99.99,99.99,99.99,99.99,24.53260763,0.369240446,1,?,B138,1,0,1,10.73172917,41.30967778,18.668,17.917,16.917,16.321,15.692,14.614,13.905,13.733,,,,,-347,10,,,0.22,0,,,3.22,-0.18,0.73,Bol 138,0.707750751
10.74487021,2.27E-04,41.14791464,1.29E-04,24.41979688,0.178010611,23.83129074,0.321572268,23.81109038,0.441462771,22.8997163,0.440993378,25.45592052,0.564082689,1,?,B140,1,0,1,10.74479583,41.147975,19.12,18.481,17.496,16.9,16.197,15.191,14.49,14.365,,,,,-413,12,0.04,0.01,0.19,0,-0.29,0.18,-4.06,-6.62,1.77,Bol 140,0.296432112
10.74846663,3.01E-04,41.3219491,9.12E-05,23.53007483,0.129257404,23.53965324,0.281548161,22.82428729,0.2814416,21.9129132,0.280704747,99.99,99.99,1,?,B143,1,0,1,10.74854583,41.322025,17.75,17.14,16,15.48,14.78,13.768,12.982,12.938,21.98,0.22,,,-128,23,0.05,0.02,0.34,0,-0.09,1.53,4.27,-0.32,0.97,Bol 143,0.347135182
10.74944312,2.08E-04,41.2680932,2.18E-04,23.71794346,0.137611681,23.5998104,0.28936541,22.64753499,0.259767055,21.73616091,0.258968538,23.31981476,0.212321354,1,?,B144,1,0,1,10.74942917,41.26820833,18.345,17.691,16.727,16.153,15.397,14.086,13.333,13.064,,,,,-140,12,0.05,0.02,0.24,0,-0.55,1.76,1.75,-2.34,0.67,Bol 144,0.416191316
10.75623347,4.38E-04,41.20735203,4.74E-04,99.99,99.99,99.99,99.99,99.99,99.99,99.99,99.99,24.82156929,0.421546194,1,?,B145,1,0,1,10.7565875,41.20746944,19.497,18.42,18.1,17.761,17.251,,,,20.025,0.037,20.269,0.052,-303,16,,,0.14,0,,,-0.92,-4.84,1.12,Bol 145,1.047896372
10.76196313,2.03E-04,41.25625406,2.03E-04,23.78896711,0.14101612,23.4334984,0.268277054,23.20299744,0.334362413,22.29162336,0.333742421,99.99,99.99,1,?,B146,1,0,1,10.76217083,41.25625278,18.25,17.851,16.95,16.348,15.86,14.595,14.059,13.839,,,,,-249,61,0.06,0.04,0.18,0,-0.53,0.2,1.54,-3.24,0.82,Bol 146,0.562131977
10.766036,5.26E-06,41.30132886,4.04E-05,20.12730957,0.073615088,20.08305742,0.064629249,20.19036123,0.089612705,19.27898714,0.087270945,20.35492146,0.059846264,1,?,B148,1,0,1,10.7661,41.30131111,16.92,16.82,15.799,15.4,14.88,13.941,13.151,13.169,19.601,0.031,20.463,0.062,-290,9,0.17,0.02,0.28,0,-0.7,2.01,3.78,-1.71,0.94,Bol 148,0.184511537
10.78103547,3.82E-04,41.33873379,1.97E-04,24.03513763,0.153941256,23.33828757,0.256920442,99.99,99.99,99.99,99.99,24.42440354,0.351385106,1,?,B150,1,0,1,10.78131667,41.33875,18.29,17.9,16.8,16.3,15.52,14.125,13.387,13.237,,,,,-138,7,0.28,0.07,0.19,0,,,5.97,-0.86,1.37,Bol 150,0.762305403
10.78962664,1.93E-04,41.35893222,1.41E-04,22.88035795,0.106736936,23.36876157,0.260500568,22.50721702,0.243792802,21.59584293,0.242941785,23.59212007,0.240280053,1,?,B151,1,0,1,10.78982083,41.35888611,16.73,16.056,14.83,14.13,13.38,12.253,11.499,11.358,21.182,0.093,22.5,0.23,-330,2,0.32,0.01,0.53,0,-0.44,1.78,7.16,-0.42,1.63,Bol 151,0.550355036
10.7916554,3.37E-04,41.30440255,9.59E-05,24.04543478,0.154521803,23.39442011,0.263554716,22.22189166,0.214383536,21.31051757,0.213415279,99.99,99.99,1,?,B152,1,0,1,10.79173333,41.30438611,17.26,17.07,16.16,15.58,14.92,13.901,13.184,13.019,21.457,0.131,,,-129,34,0.18,0.01,0.18,0,-1.53,1.22,4.63,-2.51,1.2,Bol 152,0.218911138
10.79419976,7.00E-05,41.24758891,8.19E-05,23.25189016,0.118489977,22.77248815,0.198940611,22.94744171,0.297637187,22.03606762,0.296940526,24.07981301,0.30013533,1,?,B153,1,0,1,10.79425417,41.24758611,17.86,17.24,16.24,15.69,14.94,13.864,13.101,13.089,21.83,0.198,22.9,0.37,-231,15,0.05,0.01,0.21,0,-0.13,1.58,2.02,-4.7,1.16,Bol 153,0.147597625
10.80201435,4.30E-04,41.26814235,2.81E-04,99.99,99.99,24.05293382,0.355832733,23.85084749,0.449573077,22.93947341,0.44911216,25.22199223,0.506605696,1,?,B154,1,0,1,10.80189583,41.26802222,18.296,17.715,16.758,16.201,15.649,14.659,13.881,13.774,,,,,-199,33,0.15,0.03,0.17,0,0.03,1.65,3.2,-4.21,1.2,Bol 154,0.538393423
10.80821933,4.28E-05,41.18883746,4.30E-05,22.8449466,0.105757259,22.38711668,0.167422923,21.32001088,0.143751133,20.40863679,0.142303088,23.39080017,0.219270766,1,?,B157,1,0,1,10.8083875,41.18878611,18.36,18.38,17.73,17.191,16.65,15.185,,,21.045,0.067,,,4,40,0.09,0.03,0.09,2,,,-0.36,-7.37,1.68,Bol 157,0.491676914
10.80997699,3.06E-05,41.12258363,5.37E-05,19.97834142,0.073166239,20.01507085,0.063086613,19.80591161,0.077280904,18.89453752,0.074552793,20.43272602,0.061615718,1,?,B158,1,0,1,10.810025,41.12257778,15.9,15.56,14.7,14.15,13.55,12.627,11.907,11.813,19.33,0.022,20.076,0.047,-187,1,0.14,0,0.16,0,-0.74,1.74,-3.44,-9.88,2.38,Bol 158,0.131902376
10.81069656,3.09E-04,41.42019146,3.39E-04,99.99,99.99,99.99,99.99,23.79939947,0.439106144,22.88802538,0.438634229,24.72753827,0.403752364,1,?,B159,1,0,1,10.811025,41.42038056,18.1,18.08,17.2,16.53,15.79,15.099,14.265,14.169,,,,,-175,12,,,0.54,0,-0.77,2.57,10.65,1.1,2.44,Bol 159,1.117846815
10.81419771,4.03E-05,41.19026426,4.32E-05,21.12294633,0.078682411,21.256497,0.102453038,20.79574015,0.11481421,19.88436607,0.112995946,21.12801646,0.081147674,1,?,B161,1,0,1,10.81423333,41.19031944,17.41,17.14,16.33,15.82,15.23,14.397,13.7,13.702,20.146,0.034,21.091,0.079,-413,12,0.17,0.01,0.18,0,-0.74,1.98,-0.13,-7.53,1.71,Bol 161,0.220873055
10.8183154,4.07E-04,41.40128585,2.56E-04,26.00200224,0.346286811,99.99,99.99,24.67293927,0.65550184,23.76156518,0.655185808,25.23220591,0.508987773,1,?,B162,1,0,1,10.818375,41.40123611,18.92,18.53,17.48,16.86,16.14,14.907,14.194,13.826,,,,,-146,8,0.25,0.03,0.21,0,0.02,1.94,9.95,0.13,2.27,Bol 162,0.240770309
10.82576658,4.77E-04,41.20812149,1.33E-04,99.99,99.99,24.10511173,0.364423644,23.2595162,0.34309153,22.34814211,0.342487341,99.99,99.99,1,?,B164,1,0,1,10.82568333,41.20815278,19.451,18.98,17.94,17.29,16.63,15.348,14.667,14.552,,,,,-294,12,0.12,0.03,0.23,0,-0.41,1.65,1.03,-7.27,1.67,Bol 164,0.252037415
10.82591741,3.22E-05,41.18186963,3.11E-05,21.05901568,0.078213857,20.82185899,0.08567971,20.44826964,0.099403522,19.53689556,0.097297693,21.13703875,0.081450272,1,?,B165,1,0,1,10.8259,41.18187778,17.13,17.17,16.47,16.05,15.47,14.73,14.254,14.265,19.987,0.03,21.473,0.1,-35,24,0.12,0.01,0.15,0,-1.66,2.51,-0.2,-8.25,1.88,Bol 165,0.05554881
10.83789619,2.01E-04,41.23553412,7.38E-05,25.14693628,0.239227849,25.31515519,0.634731344,23.69828388,0.419247423,22.78690979,0.418753128,24.32830616,0.33626055,1,?,B167,1,0,1,10.83801667,41.23559167,18.885,18.43,17.41,16.91,16.13,15.256,14.529,14.783,,,,,-231,10,0.03,0.02,0.18,0,-0.25,2.03,2.67,-6.69,1.64,Bol 167,0.386390606
10.84612796,2.41E-04,41.25692266,9.88E-05,25.95109423,0.338594847,99.99,99.99,25.09958178,0.79747492,24.1882077,0.797215171,24.74620414,0.4072233,1,?,B169,1,0,1,10.8458375,41.25704167,19.194,18.31,17.08,16.592,15.77,14.975,14.239,13.943,,,,,-177,7,0.59,0.04,0.44,2,0.07,1.68,3.9,-6.18,1.66,Bol 169,0.89524196
10.85665191,4.20E-05,41.26030597,8.76E-05,22.9646661,0.109163201,22.43676782,0.171167972,22.13554522,0.206235307,21.22417114,0.20522861,23.3160254,0.211956822,1,?,B171,1,0,1,10.8566875,41.26031389,16.795,16.192,15.217,14.635,14.017,12.997,12.237,12.082,21.213,0.079,,,-273,3,0.11,0.01,0.19,0,-0.17,1.89,4.36,-6.44,1.77,Bol 171,0.100453193
10.85837683,2.53E-04,41.35869235,2.85E-04,25.68305144,0.301063416,23.47355411,0.27320768,23.52207932,0.386789784,22.61070524,0.386253955,99.99,99.99,1,?,B172,1,0,0,10.85835833,41.35878056,18.12,17.63,16.69,16.12,15.4,14.443,13.647,13.605,22.044,0.165,,,-272,10,0.18,0.02,0.17,0,,,9.05,-2.85,2.16,Bol 172,0.321438494
10.86970786,3.45E-04,41.37710466,4.06E-04,25.19695487,0.244329463,99.99,99.99,23.79455452,0.438133245,22.88318044,0.437660281,99.99,99.99,1,?,B173,1,0,0,10.86999167,41.37695833,18.906,18.537,17.589,16.966,16.68,15.542,14.763,14.488,23.02,0.37,,,-291,8,0.4,0.04,0.11,0,,,10.24,-2.59,2.41,Bol 173,0.93018034
10.87816764,9.57E-05,41.3545314,5.23E-05,19.47630184,0.072023889,19.52165307,0.053539229,19.105806,0.060583068,18.19443191,0.05706215,19.7134286,0.047863482,1,?,B178,1,0,0,10.8783,41.35454722,15.91,15.82,15.03,14.53,14.01,13.29,12.662,12.617,18.731,0.015,19.478,0.033,-138,6,0.12,0.01,0.1,0,-1.16,1.97,9.41,-3.72,2.3,Bol 178,0.36219212
10.87948027,5.66E-05,41.30400975,6.34E-05,21.72227348,0.084487066,21.26001376,0.102604379,20.47364673,0.100439266,19.56227265,0.098355615,21.98164224,0.11675423,1,?,B179,1,0,0,10.87962917,41.30406667,16.44,16.22,15.39,14.84,14.32,13.531,12.875,12.806,19.914,0.037,21.673,0.142,-139,2,0.1,0.01,0.1,0,-0.98,1.13,7.06,-5.64,2.06,Bol 179,0.45180515
10.88213343,4.02E-04,41.12953904,1.57E-04,23.46898923,0.126735148,99.99,99.99,22.843866,0.283954492,21.93249192,0.283224177,99.99,99.99,1,?,B180,1,0,1,10.88222083,41.12954167,17.26,16.9,16.02,15.46,14.82,14.149,13.333,13.404,21.207,0.067,,,-202,9,0.14,0.01,0.19,0,-0.75,1.6,-1.1,-12.19,2.79,Bol 180,0.237178616
10.90286279,1.28E-05,41.13682177,2.70E-04,99.99,99.99,99.99,99.99,21.21694756,0.137459951,20.30557347,0.135944912,99.99,99.99,1,?,B182,1,0,1,10.9028,41.13671111,16.62,16.36,15.43,14.82,14.14,13.248,12.522,12.446,20.027,0.031,20.636,0.063,-347,4,0.25,0.01,0.33,0,-0.97,2.39,-0.19,-12.66,2.88,Bol 182,0.433242781
10.90531357,1.72E-04,41.24536285,8.68E-05,23.51156353,0.128483309,23.80140099,0.317216085,22.11683341,0.204512934,21.20545932,0.203497718,23.92837484,0.280077224,1,?,B185,1,0,1,10.90535833,41.24543333,17.03,16.48,15.54,14.98,14.36,13.431,12.66,12.644,20.806,0.057,,,-163,6,0.11,0.01,0.21,0,-0.5,1.73,5.01,-8.72,2.29,Bol 185,0.281202163
10.46054007,1.69E-04,41.27383053,2.15E-04,25.39753548,0.266109959,24.77558642,0.495449024,23.59707447,0.400280729,22.68570039,0.399762983,99.99,99.99,1,?,B254,1,0,0,10.46055,41.27391111,19.866,19.613,18.698,18.112,17.366,,,,22.44,0.24,,,-421,12,,,0.29,0,,,-5.99,8.14,2.3,Bol 254,0.291334279
10.70845448,2.55E-05,41.32442752,8.49E-05,22.44726876,0.096222745,22.29247878,0.160525209,22.00177372,0.194250794,21.09039963,0.193181655,22.31262565,0.135072736,1,?,B262,1,0,1,10.70854167,41.32447778,18.599,18.4,17.605,17.106,16.661,,14.605,,21.251,0.152,,,-378,21,0.1,0.03,0.06,0,,,3.27,1.19,0.79,Bol 262,0.297150419
10.72156714,1.17E-04,41.27058243,1.02E-04,23.47412928,0.126943844,22.86643553,0.207533916,21.48485202,0.154490834,20.57347793,0.153144372,22.86610886,0.172968219,1,?,B264,1,0,1,10.72162083,41.27066667,18.76,18.583,17.577,17.172,16.811,,,,23.11,2.47,,,198,36,,,0.21,0,,,1.09,-1.26,0.38,Bol 264,0.336248062
10.78017429,3.25E-04,41.19673573,1.13E-04,24.58779926,0.190183633,99.99,99.99,99.99,99.99,99.99,99.99,25.43443494,0.558540988,1,?,B268,1,0,1,10.77996667,41.19661389,19.901,19.323,18.314,17.737,16.88,15.41,14.963,15.167,,,,,-233,13,0.14,0.03,0.29,0,,,-0.78,-6.07,1.4,Bol 268,0.713233946
10.7807772,2.96E-04,41.45906217,1.68E-04,25.01152625,0.226041396,24.47038235,0.430750048,25.67770744,1.04035854,24.76633336,1.040159445,26.79145488,1.042597802,1,?,B269,1,0,1,10.78075,41.45916111,20.545,19.91,18.698,17.897,17.142,14.843,,,,,,,-320,9,0.38,0.04,0.51,0,,,11.64,3.61,2.78,Bol 269,0.363661663
10.84624163,4.36E-04,41.42413274,6.29E-05,99.99,99.99,24.53437982,0.44357029,24.31836301,0.557030278,23.40698893,0.556658344,24.86393199,0.429818904,1,?,B271,1,0,0,10.8462,41.42395,19.744,19.42,18.463,17.858,17.304,,,,,,,,-352,35,,,0.59,1,,,11.79,-0.01,2.69,Bol 271,0.667400959
10.63803285,3.81E-04,41.33763836,2.23E-04,99.99,99.99,99.99,99.99,23.89934613,0.459670945,22.98797205,0.459220163,99.99,99.99,1,?,NB16,1,0,1,10.63789167,41.33789167,,18.21,17.55,16.74,15.98,14.631,,,,,,,-115,15,,,0.68,0,-1.27,3.34,1.95,4.19,1.05,NBol 16,0.98853091
10.64372819,1.17E-04,41.29204651,1.70E-04,99.99,99.99,23.56230324,0.284465782,22.92506464,0.294624847,22.01369055,0.293921046,23.38538203,0.218732172,1,?,NB17,1,0,1,10.64332917,41.29206111,19.879,19.642,18.922,18.474,18.104,,,,,,,,-561,51,,,0.13,3,,,-0.07,2.31,0.53,NBol 17,1.080587851
10.60414902,1.87E-04,41.20955745,3.89E-04,99.99,99.99,24.65275778,0.468308321,99.99,99.99,99.99,99.99,24.87924859,0.432850072,1,?,B053D,1,0,0,10.60395833,41.20963889,21.349,20.647,19.761,19.221,18.713,,,,,,,,-395,12,,,,0,,,-5.06,0.67,1.16,Bol D053,0.593842532
10.6582272,5.87E-05,41.26634929,5.55E-05,22.72673987,0.102649192,22.84927757,0.205935987,21.64036229,0.165436142,20.7289882,0.164179469,22.73012799,0.162718134,1,?,NB21,1,0,1,10.65825,41.26636389,,18.18,17.865,16.99,16.771,14.248,13.526,13.364,20.85,0.4,,,-773,40,0.54,0.04,0.02,0,,,-0.87,0.83,0.27,NBol 21,0.081054848
10.64394511,9.43E-05,41.31103622,1.52E-04,24.99988176,0.224948839,24.0473293,0.354922274,22.79343867,0.277528575,21.88206458,0.276781305,24.75128738,0.408173734,1,?,NB35,1,0,1,10.6439625,41.31121389,20.685,20.547,19.627,19.115,18.728,,,,,,,,-302,35,,,0.13,1,,,0.85,2.99,0.71,NBol 35,0.641336606
10.70219916,5.78E-05,41.26317434,4.72E-05,23.06936998,0.112367346,23.50146085,0.276697675,22.005682,0.194590272,21.09430792,0.193523009,22.58711623,0.152625547,1,?,NB39,1,0,1,10.7022875,41.26321667,18.551,18.222,17.941,17.29,17.876,,,,20.7,0.6,,,,0,,,,0,,,0.2,-0.85,0.2,NBol 39,0.283489016
10.70068754,2.44E-04,41.26664663,3.46E-04,99.99,99.99,99.99,99.99,22.58018339,0.251968368,21.66880931,0.251145056,99.99,99.99,1,?,NB41,1,0,1,10.70075,41.26683333,19.224,18.455,18.097,,17.183,,,,,,21.85,0.94,,0,,,,0,,,0.33,-0.66,0.17,NBol 41,0.693052675
10.686489,1.00E-04,41.24553725,6.16E-05,22.29051674,0.093131887,22.45281046,0.172397037,22.45837591,0.238474677,21.54700182,0.237604614,22.40529323,0.140743937,1,?,NB89,1,0,1,10.68657917,41.24561389,18.366,18.089,17.965,,16.888,,,,20.34,0.21,,,-332,6,,,0.13,3,-0.7,2.04,-1.06,-0.94,0.32,NBol 89,0.368352447
10.70380518,5.42E-04,41.30333141,3.44E-04,24.71569895,0.200196086,23.20690306,0.242055743,99.99,99.99,99.99,99.99,99.99,99.99,1,?,AU008,1,0,1,10.70400833,41.30312778,19.242,18.728,17.827,17.05,16.409,,,,,,,,,0,,,0.13,3,,,2.14,0.56,0.5,ACH 008,0.916106636
10.74221031,5.80E-04,41.28118026,0.001049982,99.99,99.99,99.99,99.99,23.33015589,0.354329058,22.4187818,0.353744063,99.99,99.99,1,?,AU010,1,0,1,10.74217917,41.28124167,19.149,18.493,17.506,16.66,16.296,15.068,14.398,15.007,,,,,-307,12,0.04,0.01,0.22,0,,,2.16,-1.6,0.61,ACH 010,0.236583249
10.44133297,3.53E-04,41.21697208,5.56E-05,24.14338535,0.160212709,22.91292721,0.21192909,23.07663395,0.315656773,22.16525986,0.314999967,24.25973064,0.325871978,1,?,B032D,1,0,0,10.441525,41.21706389,19.445,19.277,18.747,18.445,17.897,15.567,14.872,,22.034,0.179,,,-326,16,0.3,0.04,0.22,1,,,-9.21,6.73,2.6,Bol D032,0.616160371
10.51802986,2.24E-04,41.30203915,1.27E-04,24.54242044,0.186788734,23.7916323,0.315805451,23.08403093,0.316721693,22.17265684,0.3160671,24.40300263,0.347958359,1,?,B040D,1,0,0,10.51789167,41.30203611,19.827,19.506,18.811,18.345,17.74,,,,,,,,-318,15,,,0.49,1,,,-3.07,7.14,1.77,Bol D040,0.373908569
10.51968416,1.49E-04,41.27965851,1.57E-04,24.68060892,0.197382575,23.91993547,0.334853006,24.5010814,0.605759348,23.58970732,0.60541735,23.83989506,0.268994638,1,?,B041D,1,0,0,10.51966667,41.27981667,20.203,19.583,18.319,17.469,16.588,15.68,14.881,15.25,22.62,0.28,,,-289,11,0.42,0.03,0.64,0,-1.49,2,-4.08,6.25,1.7,Bol D041,0.57134416
10.54121338,1.88E-04,41.3538953,3.79E-04,24.97493858,0.222630038,24.56077775,0.44897003,99.99,99.99,99.99,99.99,25.24681509,0.512414573,1,?,B045D,1,0,0,10.54115833,41.35403333,21.214,20.305,19.087,18.31,17.496,16.043,15.181,15.637,,,,,-313,16,0.34,0.03,0.41,0,,,0.03,8.23,1.87,Bol D045,0.518719858
10.58550711,3.29E-04,41.0771661,1.22E-04,25.261102,0.251060961,23.78970826,0.315528366,25.11155308,0.801875728,24.20017899,0.801617405,24.70041975,0.398762741,1,?,B051D,1,0,0,10.58562083,41.07719722,20.158,19.741,18.808,18.248,17.59,15.568,,,,,,,-209,28,0.12,0.03,0.13,1,,,-11.84,-3.57,2.82,Bol D051,0.328325817
10.63565821,9.18E-05,41.36158165,9.76E-05,22.07128525,0.089356396,21.85492984,0.132401472,21.9478715,0.189632444,21.03649741,0.188537117,22.13324308,0.124783903,1,?,B061D,1,0,1,10.63564167,41.36163611,19.636,19.646,19.329,19.175,18.811,,,,21.85,0.115,,,-214,31,,,0.34,1,,,3.01,5.15,1.36,Bol D061,0.201090415
10.64801751,6.97E-05,41.24285872,3.71E-05,21.47323597,0.081733851,21.38739751,0.108269527,20.29223298,0.093324095,19.38085889,0.091077811,21.66115421,0.101603625,1,?,B064D,1,0,1,10.64805,41.24283889,17.54,17.21,16.47,15.84,15.17,,13.546,13.465,20.78,0.11,22.02,0.26,-72,10,,,0.14,0,,,-2.27,0.32,0.52,Bol D064,0.113288427
10.66610095,4.53E-04,41.34443132,2.39E-04,99.99,99.99,99.99,99.99,23.92872686,0.46589949,23.01735277,0.465454741,27.680815,1.570044257,1,?,B068D,1,0,1,10.66625,41.34442222,19.92,19.56,18.652,18.053,17.411,,,,,,,,-202,11,,,0.08,0,,,3.04,3.43,1.04,Bol D068,0.40416441
10.69059536,5.76E-04,41.4572301,4.01E-04,99.99,99.99,23.7785059,0.313920008,99.99,99.99,99.99,99.99,99.99,99.99,1,?,B072D,1,0,3,10.69079167,41.4575,20.322,19.969,19.047,18.562,18.101,,,,,,,,-262,11,,,0.16,0,,,9.07,6.73,2.57,Bol D072,1.106615566
10.71599933,6.63E-04,41.3680165,0.001274683,25.6718421,0.2995974,24.16959123,0.375331187,99.99,99.99,99.99,99.99,25.40905959,0.552066396,1,?,B078D,1,0,0,10.7160875,41.36814167,21.643,20.658,19.396,18.635,17.886,,,14.861,,,,,-36,14,0.56,0.04,0.49,0,,,5.55,2.54,1.39,Bol D078,0.509674837
10.7454486,3.00E-05,41.15248983,7.34E-05,23.5788564,0.131338626,23.68713993,0.301110459,22.25309768,0.217411006,21.3417236,0.216456292,23.96309096,0.284551595,1,?,B087D,1,0,1,10.7455375,41.15245278,18.684,18.451,17.625,17.103,16.47,15.492,14.843,14.31,22.18,0.13,,,-661,9,0.14,0.02,0.14,0,,,-3.83,-6.48,1.71,Bol D087,0.275425607
10.74745073,1.39E-04,41.07160143,1.42E-04,24.07716646,0.156331811,22.1856753,0.153105944,22.61204691,0.255627206,21.70067282,0.254815717,23.56028242,0.236824836,1,?,B088D,1,0,1,10.74740833,41.07149167,18.739,18.58,17.877,,,,,,,,,,,0,,,,0,,,-7.6,-9.54,2.78,Bol D088,0.411551718
10.75561667,5.81E-05,41.44003767,9.08E-05,23.58786368,0.131729536,22.91555681,0.212180566,23.27466654,0.345470697,22.36329245,0.344870676,23.24782055,0.205504867,1,?,B089D,1,0,0,10.75566667,41.44,19.891,19.653,19.067,18.763,18.355,,,,22.452,0.188,23.06,0.3,-172,17,,,0.25,1,,,10.04,3.79,2.44,Bol D089,0.191298753
10.75472764,0.001466207,41.26942794,1.56E-04,99.99,99.99,25.28991938,0.627414545,23.45012851,0.374280345,22.53875442,0.373726581,25.3410778,0.535089775,1,?,B090D,1,0,1,10.75498333,41.26949722,19.081,18.353,17.373,16.736,15.989,14.53,13.61,13.569,,,,,-9,8,0.7,0.02,0.13,3,-0.09,1.54,1.96,-2.49,0.72,Bol D090,0.73542825
10.75676954,3.20E-04,41.21910081,4.22E-04,99.99,99.99,23.57698093,0.286372968,23.26484192,0.343925957,22.35346784,0.343323237,99.99,99.99,1,?,B092D,1,0,1,10.75684167,41.21919722,20.493,19.602,18.543,17.896,17.193,,,,,,,,-321,11,,,0.36,0,,,-0.36,-4.42,1.01,Bol D092,0.398264445
10.80842415,4.09E-04,41.14569988,1.38E-04,24.18054966,0.162453434,23.84002403,0.322856536,99.99,99.99,99.99,99.99,23.04032025,0.187096824,1,?,B095D,1,0,0,10.8085,41.14579444,19.834,19.623,19.062,18.589,17.71,,,,22.37,0.19,21.92,0.12,-304,17,,,0.3,1,,,-2.39,-8.97,2.11,Bol D095,0.397698342
10.81975242,4.15E-04,41.10955027,1.52E-04,24.93507664,0.218984598,99.99,99.99,99.99,99.99,99.99,99.99,25.4125185,0.552944487,1,?,B097D,1,0,0,10.81957083,41.10929444,19.649,19.254,18.41,17.878,17.121,15.878,15.406,14.89,22.84,0.33,,,-328,9,0.64,0.02,0.38,1,,,-3.8,-10.71,2.59,Bol D097,1.044414056
10.95463021,3.00E-05,41.2375844,5.98E-05,20.93812849,0.077393105,20.80144999,0.084980276,21.72437124,0.171697723,20.81299715,0.17048721,21.03128962,0.077989528,1,?,B104D,1,0,1,10.95461667,41.23781667,18.716,18.841,18.32,17.905,17.44,16.163,15.3,,20.41,0.052,21.001,0.09,-272,17,,,,0,,,6.03,-10.75,2.81,Bol D104,0.83696377
10.93781397,1.39E-04,41.30328993,4.40E-05,22.7769638,0.103939789,22.49574856,0.175733068,21.9961625,0.193764497,21.08478841,0.19269266,23.248602,0.20557763,1,?,M001,1,0,0,10.93785833,41.30333611,19.683,19.579,19.38,18.869,18.05,,,,21.906,0.14,,,-239,31,,,0.2,1,,,8.65,-7.73,2.64,[MKK98] M 31 01,0.20502275
10.71112796,1.88E-04,41.17601213,3.63E-04,24.48630978,0.182701359,99.99,99.99,24.01399728,0.48446347,23.10262319,0.484035778,24.74239334,0.406512241,1,?,BH18,1,0,1,10.71132083,41.17596111,19.553,19.177,18.178,17.644,16.886,,,,,,,,-518,14,,,0.21,0,,,-3.67,-4.4,1.3,M31GC J004251+405841,0.55396602
10.76563588,3.47E-04,41.34133606,2.99E-04,99.99,99.99,99.99,99.99,24.74270762,0.676849464,23.83133353,0.676543405,99.99,99.99,1,?,BH23,1,0,1,10.76567917,41.34110556,20.394,19.577,18.828,17.827,16.857,15.877,15.201,15.372,,,,,,0,0.05,0,,0,,,5.65,-0.22,1.29,M31GC J004304+412028,0.838016059
10.69282799,2.10E-04,41.30906872,2.88E-04,23.91475024,0.14739586,23.34399963,0.257587629,99.99,99.99,99.99,99.99,24.06925363,0.298690539,1,?,B523,1,0,1,10.69282917,41.30899722,19.803,19.577,18.677,18.153,17.245,,,,,,,,,0,,,,0,,,2.11,1.18,0.55,Bol 523,0.25740623
10.86545679,8.75E-05,41.20844437,6.00E-05,99.99,99.99,99.99,99.99,23.0587697,0.313099993,22.14739562,0.312437812,99.99,99.99,1,?,B536,1,1,1,10.865,41.20846667,,,19.66,,17.77,,,,,,,,,0,,,,0,,,2.14,-8.66,2.03,Bol 536,1.23973255
10.56585517,5.00E-04,41.33465201,4.83E-04,99.99,99.99,99.99,99.99,99.99,99.99,99.99,99.99,25.26165917,0.515920226,1,?,B539,1,1,1,10.56583333,41.33459722,,,19.37,,,,,,,,,,,0,,,,0,,,-0.2,6.63,1.51,Bol 539,0.205883307
10.58585992,1.67E-04,41.33707187,3.00E-04,25.29986414,0.255233767,24.32870737,0.403684577,23.7771137,0.434649029,22.86573961,0.434172269,99.99,99.99,1,?,B540,1,1,1,10.58583333,41.33708889,,,18.89,,,,,,,,,,,0,,,,0,,,0.47,6.01,1.37,Bol 540,0.09444769
10.68803856,2.61E-04,41.13736118,3.33E-04,25.31869971,0.257290558,99.99,99.99,99.99,99.99,99.99,99.99,26.80042131,1.046909062,1,?,SK054A,1,0,0,10.68780833,41.13752778,19.468,19.343,18.439,17.917,17.353,,,,,,,,-510,25,,,,0,,,-6.14,-4.98,1.8,[KLG2007] GC1 054,0.865664179
10.79105659,4.30E-04,41.31683089,2.44E-04,99.99,99.99,99.99,99.99,99.99,99.99,99.99,99.99,23.76194428,0.259601521,1,?,SK059A,1,0,1,10.79109167,41.31691667,19.586,18.829,17.723,17.045,16.362,15.114,14.268,14.03,,,,,-166,35,,,,0,,,5.21,-2.02,1.27,[KLG2007] GC1 059,0.323040453
10.94443531,3.58E-04,41.37441502,3.36E-04,99.99,99.99,24.36800546,0.411014999,23.39754767,0.365399234,22.48617358,0.36483199,99.99,99.99,1,?,SK072A,1,0,0,10.9445,41.37451111,19.04,18.585,17.556,16.938,16.195,15.232,14.308,14.15,23.06,0.47,,,-160,39,,,,0,,,12.19,-5.32,3.03,[KLG2007] GC1 072,0.38756475
10.78323784,3.72E-04,41.3049775,2.13E-04,25.21697687,0.246407527,24.02123885,0.350714883,22.8509789,0.284873123,21.93960481,0.284145169,99.99,99.99,1,?,PHF6-1,1,0,1,10.78325,41.30506111,19.302,18.629,17.643,17.034,16.375,15.253,14.325,14.166,,,,,-117,11,,,0.13,3,,,4.43,-2.18,1.12,,0.302804236
10.5394087,2.72E-04,41.29617676,1.64E-04,99.99,99.99,24.84186078,0.510746116,99.99,99.99,99.99,99.99,26.25014636,0.812725703,1,?,MITA140,1,0,0,10.53955833,41.29600278,20.017,18.621,17.069,16.064,15.153,13.58,12.738,12.546,,,23.4,0.47,-319,11,,,0.86,0,,,-2.76,6.14,1.53,[M93b] 140,0.745713085
10.77274547,1.67E-04,41.57426374,1.96E-04,24.76211865,0.171105398,99.99,99.99,22.99476982,0.308524903,22.6786012,0.307543846,,,2,?,B149,1,0,1,10.77279167,41.57419722,18,17.93,17.034,16.32,15.75,14.687,13.951,13.672,22.528,0.183,,,-60,12,0.34,0.02,0.37,0,-1,2.93,16.85,8.15,4.26,Bol 149,0.269849369
10.8439444,2.61E-04,41.73476238,3.63E-04,26.08463423,0.312469433,99.99,99.99,24.44050659,0.598290073,24.12433796,0.597784754,,,2,?,B168,1,0,0,10.84385833,41.73487778,20.204,19.23,17.971,16.988,15.968,14.57,13.554,13.522,,,22.15,0.22,-190,14,0.54,0.05,0.76,0,,,26.41,11.59,6.57,Bol 168,0.475451176
10.87618799,5.84E-05,41.64902306,1.15E-04,21.91698891,0.051500085,23.32584223,0.456739873,21.95311223,0.192424333,21.63694361,0.190847388,,,2,?,B174,1,0,1,10.8762625,41.64893056,16.81,16.47,15.47,14.83,14.18,13.315,12.586,12.489,20.315,0.02,21.318,0.049,-478,14,0.32,0.01,0.28,0,-1.05,1.92,23.25,7.26,5.55,Bol 174,0.38869689
10.88552746,1.66E-04,41.48540068,2.36E-04,24.65094948,0.162734418,22.83059086,0.36427574,23.08185034,0.321031051,22.76568172,0.320088327,,,2,?,B181,1,0,0,10.88523333,41.48531389,18.25,17.86,16.95,16.33,15.67,14.659,13.941,13.735,21.672,0.179,21.702,0.156,-256,10,0.23,0.01,0.13,0,,,15.77,0.88,3.6,Bol 181,0.852549063
10.90613684,3.18E-04,41.60966392,3.18E-04,99.99,99.99,99.99,99.99,23.0159199,0.311516016,22.69975127,0.310544409,,,2,?,B184,1,0,0,10.9063125,41.60962222,19.062,18.39,17.24,16.49,15.83,14.788,13.981,14.04,,,,,-152,12,0.21,0.03,0.27,0,-0.01,1.79,22.22,4.74,5.18,Bol 184,0.496078367
10.90935456,3.06E-04,41.60688486,2.40E-04,25.98720756,0.298840648,99.99,99.99,23.2913588,0.353275578,22.97519017,0.352419119,,,2,?,B186,1,0,0,10.90920417,41.60665833,20.076,19.1,18.02,17.46,16.64,15.521,14.49,14.307,,,,,-119,10,0.24,0.1,0.25,0,,,22.17,4.53,5.15,Bol 186,0.910453225
10.91101665,1.02E-04,41.49646056,2.91E-04,24.72589169,0.168329365,23.6156967,0.521566812,23.14478028,0.330388976,22.82861165,0.329473029,,,2,?,B187,1,0,0,10.9109375,41.49634722,18.53,18.21,17.17,16.52,15.78,15.068,14.286,14.318,,,,,-130,10,0.35,0.02,0.36,0,-1.52,2.55,17.01,0.38,3.87,Bol 187,0.460452063
10.9269599,5.12E-04,41.58958287,2.11E-04,25.34636092,0.223032554,99.99,99.99,23.69662723,0.425280903,23.38045861,0.424569721,,,2,?,B189,1,0,0,10.92664583,41.58978333,18.97,18.04,16.99,16.39,15.65,14.648,13.85,13.65,22.63,0.16,,,-148,8,0.04,0.03,0.24,0,,,21.85,3.29,5.03,Bol 189,1.111702744
10.9306738,1.79E-04,41.56832402,8.98E-05,23.49226156,0.097357296,23.96078099,0.610988257,22.45893792,0.241789869,22.14276929,0.24053678,,,2,?,B190,1,0,1,10.93077917,41.56826667,18.08,17.7,16.82,16.27,15.68,14.847,14.232,14.297,21.375,0.042,,,-86,12,0.1,0.02,0.25,0,-0.8,2.52,20.95,2.35,4.8,Bol 190,0.350936421
10.93541774,1.55E-04,41.62403163,3.60E-05,22.28872153,0.059206381,23.21779828,0.434717663,21.57782319,0.162698751,21.26165457,0.160830609,,,2,?,B192,1,0,0,10.93546667,41.62416944,18.529,18.491,18.186,18.013,17.648,,,,20.804,0.032,21.852,0.075,-124,16,,,0.09,1,,,23.72,4.25,5.49,Bol 192,0.513302735
10.93976888,4.27E-04,41.61590291,2.78E-05,99.99,99.99,23.77719952,0.561644291,22.41868153,0.237418112,22.1025129,0.236141825,,,2,?,B193,1,0,1,10.93959583,41.61596667,16.91,16.3,15.33,14.76,14.05,13.057,12.324,12.146,21.24,0.051,21.962,0.102,-59,2,0.11,0.01,0.23,0,0.04,1.95,23.45,3.8,5.41,Bol 193,0.519224735
10.95896893,3.31E-04,41.53101271,1.45E-04,99.99,99.99,99.99,99.99,22.39363966,0.234739871,22.07747103,0.233448942,,,2,?,B198,1,0,1,10.95885833,41.53124722,18.761,18.529,17.55,17.15,16.44,16.052,15.447,15.493,,,20.251,0.058,-105,12,0.08,0,0.22,0,-0.55,2.33,19.98,-0.02,4.55,Bol 198,0.895316154
10.96012311,3.17E-04,41.48953151,2.15E-04,25.88679834,0.285423917,99.99,99.99,23.79341268,0.444570068,23.47724405,0.443889792,,,2,?,B200,1,0,0,10.96007083,41.4896,19.679,19.374,18.55,17.83,17.02,,,,,,,,-153,12,,,0.34,0,-0.43,2.17,18.05,-1.6,4.13,Bol 200,0.284019244
10.98266215,5.89E-05,41.54307314,6.48E-05,26.47414108,0.373535,23.14509034,0.420507001,22.86917604,0.291356476,22.55300741,0.290317408,,,2,?,B203,1,0,1,10.98264583,41.54311389,17.83,17.61,16.68,16.16,15.48,14.53,13.864,13.726,21.931,0.067,,,-199,12,0.16,0.02,0.17,0,-0.64,1.04,21.21,-0.42,4.83,Bol 203,0.153158305
10.99222595,8.54E-05,41.41059765,5.20E-05,21.93884893,0.051911031,21.82637607,0.23116755,20.50286219,0.10200179,20.18669357,0.09899478,,,2,?,B205,1,0,0,10.99238333,41.41058611,16.58,16.29,15.46,14.93,14.34,13.539,12.799,12.713,20.099,0.033,22.068,0.194,-373,19,0.14,0.01,0.12,0,-1.16,1.58,15.23,-5.68,3.7,Bol 205,0.426940958
10.99418683,1.36E-04,41.50498132,1.56E-05,20.60462054,0.03444729,20.40339242,0.12408449,19.57502007,0.070334945,19.25885145,0.065898451,,,2,?,B206,1,0,1,10.99424167,41.50499167,16.07,15.856,15.06,14.54,14.03,13.165,12.521,12.489,19.201,0.015,20.427,0.042,-192,12,0.13,0.01,0.1,0,-1.16,2.26,19.73,-2.24,4.52,Bol 206,0.152473884
11.00006108,5.02E-05,41.38646006,2.88E-04,25.30318069,0.218691475,99.99,99.99,25.94047866,1.192598981,25.62431004,1.192345558,,,2,?,B208,1,0,0,11.00027917,41.38656667,19.36,18.73,17.81,17.19,16.41,15.678,15,14.703,,,,,-222,12,0.13,0.02,0.21,0,-0.32,3.21,14.31,-6.85,3.61,Bol 208,0.703023564
11.01107267,1.62E-04,41.42399976,2.15E-04,23.60934846,0.102438666,99.99,99.99,21.88109031,0.186302877,21.56492169,0.184673667,,,2,?,B209,1,0,0,11.01095833,41.42404722,17.71,17.41,16.64,16.14,15.57,14.78,14.15,13.998,21.033,0.052,,,-460,11,0.1,0.01,0.13,0,-0.98,2.03,16.38,-5.84,3.96,Bol 209,0.352786497
11.01470381,2.61E-04,41.51078035,2.67E-04,26.97602615,0.470309675,99.99,99.99,23.05190523,0.316673245,22.7357366,0.315717509,,,2,?,B213,1,0,1,11.01463333,41.51073611,18.29,17.83,16.78,16.22,15.49,14.874,14.147,13.937,22.41,0.2,,,-545,11,0.15,0.02,0.17,0,-0.69,1.26,20.57,-2.75,4.73,Bol 213,0.247900071
11.0165454,2.04E-04,41.43847511,2.19E-04,21.40619562,0.043221469,99.99,99.99,21.31443779,0.144789553,20.99826916,0.142687126,,,2,?,B214,1,0,0,11.0164,41.43847778,18.54,18.26,17.65,17.14,16.53,15.684,15.109,14.711,20.882,0.059,21.498,0.098,-258,12,0.05,0.02,0.15,0,-1,3.41,17.21,-5.49,4.11,Bol 214,0.392532898
11.03658983,8.07E-06,41.63206078,3.09E-05,21.53942127,0.045149877,21.16350759,0.17215736,20.88770725,0.120188043,20.57153863,0.117646789,,,2,?,B216,1,0,1,11.0365875,41.63203056,17.47,17.45,17.25,16.86,16.62,15.271,,,19.765,0.018,20.505,0.035,-93,10,,,0.28,1,,,26.89,0.98,6.13,Bol 216,0.108981201
11.04384756,1.38E-04,41.3975119,3.07E-04,99.99,99.99,23.2642214,0.444044912,23.37350721,0.366799255,23.05733859,0.365974446,,,2,?,B217,1,0,0,11.0441625,41.39751111,17.81,17.43,16.51,15.95,15.31,14.586,13.806,13.707,21.817,0.119,,,-25,10,0.12,0.01,0.13,0,-0.84,1.98,16.05,-7.99,4.08,Bol 217,0.850507876
11.08099382,1.21E-04,41.5096394,1.31E-04,24.99315746,0.189963414,23.5134749,0.497705078,21.86647476,0.185085852,21.55030613,0.183445834,,,2,?,B220,1,0,1,11.081125,41.509625,17.42,17.33,16.55,16.1,15.49,14.878,14.21,14.138,21.015,0.073,,,-247,12,0.05,0.02,0.13,0,-1.09,2.26,22.36,-5.14,5.23,Bol 220,0.357423676
11.09601392,3.07E-05,41.55179353,6.69E-05,23.16964011,0.084773443,22.6565471,0.336515974,22.17270789,0.2124244,21.85653927,0.210996983,,,2,?,B221,1,0,0,11.09609583,41.55176111,18.07,17.76,16.86,16.13,15.59,14.669,14.071,13.939,21.725,0.102,,,-406,12,0.23,0.02,0.26,0,-0.83,2.08,24.77,-4.1,5.72,Bol 221,0.249636633
11.11260771,5.02E-06,41.57696316,1.17E-05,20.70673761,0.035329046,20.38253603,0.12300297,20.09783687,0.086294867,19.78166824,0.082718833,,,2,?,B223,1,0,1,11.11270833,41.57699167,17.919,17.958,17.81,17.467,17.67,,,,19.897,0.029,20.673,0.056,-101,12,,,0.17,1,,,26.42,-3.74,6.08,Bol 223,0.289763647
11.11275951,2.92E-05,41.48049385,3.19E-05,21.67887463,0.047336803,21.81986546,0.230493019,20.80833728,0.116149491,20.49216866,0.113517865,,,2,?,B224,1,0,1,11.11279167,41.480475,16.132,16.034,15.45,14.842,14.42,13.93,13.369,13.389,19.361,0.016,20.781,0.053,-161,2,0.13,0.02,0.15,0,-1.68,2.2,21.87,-7.34,5.25,Bol 224,0.11012903
11.13864851,4.42E-04,41.69067792,2.79E-04,99.99,99.99,99.99,99.99,23.73405543,0.432638012,23.41788681,0.431938943,,,2,?,B228,1,0,1,11.13834167,41.69100556,18.12,17.73,16.78,16.22,15.61,14.606,13.96,13.773,22.722,0.15,,,-457,26,0.13,0.01,0.24,0,-0.86,2.21,32.5,-0.41,7.4,Bol 228,1.43930479
11.14104613,1.97E-04,41.64106975,6.49E-05,22.288666,0.05920511,21.52249999,0.201798618,21.21375612,0.138519359,20.8975875,0.136320263,,,2,?,B229,1,0,1,11.140825,41.64120556,17.28,17.14,16.47,15.95,15.5,14.972,14.402,14.248,20.318,0.02,21.486,0.058,-31,5,0.07,0.02,0.11,0,,,30.22,-2.35,6.9,Bol 229,0.770019034
11.16071315,2.62E-04,41.46309031,6.63E-05,24.21782664,0.134000102,99.99,99.99,21.92996839,0.190434496,21.61379977,0.188840935,,,2,?,B231,1,0,1,11.16061667,41.46308889,18.49,18.11,17.27,16.84,16.13,15.26,,14.18,21.503,0.157,,,-266,12,0.15,0.03,0.15,0,-0.85,2.59,22.39,-9.67,5.55,Bol 231,0.260344972
11.17550375,8.63E-05,41.73175813,7.61E-05,21.23264733,0.040929988,21.53204657,0.202658304,20.65941468,0.108984651,20.34324605,0.106175588,,,2,?,B233,1,0,1,11.1754375,41.73177778,16.82,16.61,15.76,15.27,14.67,13.832,13.252,13.172,20.037,0.015,21.271,0.047,-74,8,0.17,0.01,0.17,0,-1.54,2.16,35.45,-0.2,8.07,Bol 233,0.191533287
11.1933267,1.96E-04,41.48829101,1.21E-04,25.69792605,0.261818734,23.43472615,0.480077583,22.57544515,0.254915949,22.25927652,0.253727694,,,2,?,B234,1,0,1,11.19322917,41.48826944,18.002,17.78,16.783,16.159,15.6,14.756,14.035,13.963,20.867,0.101,,,-207,10,0.11,0.02,0.23,0,-0.72,1.72,24.48,-9.88,6.01,Bol 234,0.274237272
11.24137195,8.78E-05,41.49013507,2.58E-05,22.66430587,0.068713825,22.21339666,0.275218713,22.16378068,0.211570414,21.84761205,0.210137196,,,2,?,B235,1,0,0,11.24132083,41.48992222,17.42,17.12,16.27,15.72,14.945,14.162,13.387,13.307,20.645,0.07,20.918,0.12,-98,9,0.11,0.01,0.14,0,-0.73,1.99,25.9,-11.52,6.46,Bol 235,0.778570263
10.9141339,4.06E-04,41.52170798,2.83E-04,25.47785381,0.236802592,23.23360879,0.43787176,99.99,99.99,99.99,99.99,,,2,?,B274,1,0,0,10.91399167,41.52172222,20.198,19.656,18.749,18.131,17.401,,,,,,,,,0,,,,0,,,18.29,1.21,4.18,Bol 274,0.386769024
11.09715112,1.23E-04,41.58433848,1.00E-04,23.89863867,0.116300337,22.78218018,0.356327166,21.84609637,0.183402936,21.52992775,0.181747732,,,2,?,B278,1,0,1,11.09717917,41.58440278,19.4,19.265,18.83,18.553,18.6,,,,21.609,0.178,22.21,0.22,-43,18,,,0.2,1,,,26.33,-2.92,6.03,Bol 278,0.243467373
11.11717871,4.85E-04,41.73614565,3.12E-04,25.74364044,0.267343781,99.99,99.99,99.99,99.99,99.99,99.99,,,2,?,B279,1,0,1,11.11665,41.73621111,19.939,19.35,18.549,17.723,16.964,15.4,14.493,14.296,,,,,-115,8,0.78,0.02,0.29,0,,,34.02,2.04,7.76,Bol 279,1.439736164
10.95167606,7.78E-05,41.4480428,3.35E-05,19.84186902,0.0295257,20.54502249,0.131734592,19.28956754,0.063345714,18.97339891,0.058380483,,,2,?,B472,1,0,0,10.95175833,41.44805,16.16,15.97,15.19,14.67,14.12,13.336,12.689,12.627,19.028,0.019,19.935,0.038,-106,6,0.13,0,0.12,0,-0.71,2.26,15.86,-2.85,3.67,Bol 472,0.223503531
11.28010967,2.73E-04,41.67519111,1.80E-04,99.99,99.99,99.99,99.99,23.43850362,0.377870315,23.12233499,0.377069724,,,2,?,B476,1,0,0,11.27995417,41.67530833,19.52,19.12,18.439,17.69,17,15.343,14.675,,,,,,-151,19,0.08,0.05,0.13,1,,,35.7,-5.97,8.24,Bol 476,0.594069101
11.28483502,8.49E-05,41.66061874,9.99E-05,21.94619946,0.052050342,21.10912003,0.168095523,21.12220806,0.133076284,20.80603943,0.130785697,,,2,?,B477,1,0,1,11.28470417,41.66045,18.61,18.645,18.46,18.124,17.63,,,,20.683,0.067,21.436,0.187,-110,12,,,0.35,1,,,35.13,-6.69,8.15,Bol 477,0.702055165
10.94804833,2.95E-04,41.45216181,1.93E-04,25.75523172,0.268763437,23.88079703,0.588974057,23.14605911,0.330581993,22.82989048,0.329666583,,,2,?,B103D,1,0,1,10.948075,41.45218611,18.945,18.55,17.694,17.122,16.408,15.546,14.78,14.746,,,21.98,0.23,-148,12,0.08,0.02,0.18,0,-0.22,1.74,15.96,-2.57,3.68,Bol D103,0.113272206
10.82244388,1.55E-04,41.52484972,8.23E-05,22.20722745,0.057381258,22.20601357,0.274301245,21.99848146,0.196388642,21.68231283,0.194843783,,,2,?,B098D,1,0,1,10.8225,41.52500278,19.066,19.057,18.757,18.514,17.982,,,,21.206,0.047,21.88,0.073,-159,16,,,0.24,1,,,15.91,4.57,3.77,Bol D098,0.571385181
10.98796654,2.41E-04,41.75904915,6.79E-05,23.49419408,0.097438835,23.4040738,0.473388187,22.51134818,0.247606235,22.19517956,0.246382728,,,2,?,B108D,1,0,0,10.98812083,41.75896111,19.199,18.962,18.454,17.864,17.54,16.395,15.797,15.444,20.7,0.06,21.09,0.09,-164,22,,,0.38,1,,,31.54,7.4,7.38,Bol D108,0.521667
10.99642581,1.55E-04,41.61161797,1.79E-04,25.6499727,0.256147741,23.65841458,0.531877843,23.47669605,0.384533031,23.16052742,0.383746339,,,2,?,B110D,1,0,1,10.99642917,41.6115,19.549,19.221,18.433,17.927,17.24,16.568,15.377,15.994,22.44,0.17,22.68,0.22,-251,12,,,0.28,0,,,24.81,1.63,5.66,Bol D110,0.424781025
11.0203859,8.81E-05,41.65148959,1.84E-04,21.70166231,0.047711258,21.74896698,0.223280361,20.65378777,0.108724137,20.33761914,0.105908165,,,2,?,B111D,1,0,1,11.0204,41.65157778,18.07,18.227,18,17.855,17.553,,,,19.094,0.025,19.538,0.037,-130,12,,,0.16,1,,5.73,27.37,2.28,6.25,Bol D111,0.319737612
11.11051991,1.16E-04,41.64924374,1.83E-04,22.66468749,0.068724463,22.47574312,0.309965933,22.83757218,0.287191986,22.52140355,0.286137796,,,2,?,B115D,1,0,1,11.11047917,41.64926667,19.011,18.942,18.32,18.083,17.26,,,,22.023,0.199,,,,0,,,,0,,,29.76,-0.98,6.78,Bol D115,0.137200968
11.02852117,9.68E-06,41.67432857,1.04E-04,18.07268076,0.024966328,18.08972621,0.054945781,17.87107022,0.041796277,17.5549016,0.033801333,,,2,?,B240D,1,0,1,11.0286625,41.67443889,16.998,17.963,17.947,18.001,17.865,,,,17.616,0.005,18.016,0.009,-148,12,,,,0,-1.74,2.01,28.67,2.84,6.56,Bol D240,0.549671845
11.03350048,1.62E-04,41.39824859,9.69E-05,25.0617762,0.195968481,24.5310139,0.793885754,23.05825758,0.317592621,22.74208896,0.31663966,,,2,?,M016,1,0,0,11.03352083,41.39839167,,19.87,19.457,19.225,17.81,,,,22.89,0.38,,,-194,19,,,0.07,1,,,15.8,-7.59,3.99,[MKK98] M 31 16,0.517989474
11.05797088,4.07E-05,41.37181268,4.60E-05,19.39542213,0.027705248,19.45416688,0.084916529,19.27211369,0.062953405,18.95594507,0.057954573,,,2,?,M020,1,0,0,11.05810833,41.37188056,18.174,18.765,18.93,18.556,19.43,,,,19.271,0.034,19.543,0.037,-220,30,,,0.18,1,,,15.23,-9.44,4.08,[MKK98] M 31 20,0.44452125
11.08193356,2.43E-05,41.40239939,5.32E-05,22.80348513,0.07273504,22.75274074,0.351580329,22.7683492,0.278281689,22.45218057,0.277193615,,,2,?,M025,1,0,0,11.08197083,41.40248056,18.982,18.942,18.64,18.545,18.93,,,,21.579,0.183,,,-166,18,,,0.17,1,,,17.34,-9.15,4.47,[MKK98] M 31 25,0.309029292
11.09161754,3.77E-04,41.5610234,2.85E-04,24.64580743,0.162357707,99.99,99.99,99.99,99.99,99.99,99.99,,,2,?,M028,1,0,1,11.09182917,41.56106111,19.812,19.546,18.66,18.674,18.29,,,,,,,,,0,,,,0,,,25.09,-3.6,5.77,[MKK98] M 31 28,0.586001017
11.10118161,3.73E-05,41.56621229,6.32E-05,22.63593148,0.067928721,23.22596341,0.436343668,21.30512165,0.144196534,20.98895303,0.142085333,,,2,?,M031,1,0,1,11.10112917,41.56615,19.39,19.362,18.9,18.716,18.15,,,,21.683,0.163,22.64,0.19,2,36,,,0.17,1,,,25.58,-3.74,5.89,[MKK98] M 31 31,0.26502488
11.13044746,6.08E-05,41.5013098,4.49E-05,22.976535,0.07814904,22.80711759,0.360399288,21.88380506,0.186529859,21.56763644,0.184902649,,,2,?,M039,1,0,1,11.13060833,41.50128889,20.044,20.004,18.94,19.404,19.47,,,,21.637,0.081,,,-82,22,,,0.17,1,,,23.35,-7.19,5.56,[MKK98] M 31 39,0.44022639
11.1312655,3.69E-04,41.46555057,1.31E-04,24.64098165,0.162004994,24.55044731,0.801007217,99.99,99.99,99.99,99.99,,,2,?,M040,1,0,0,11.13127917,41.465375,21.007,20.487,19.59,18.867,18.61,16.053,,,,,25.33,3.49,-204,29,0.84,0.04,0.13,1,,,21.68,-8.55,5.31,[MKK98] M 31 40,0.633117431
11.15116035,5.96E-04,41.59267798,1.83E-04,25.05345838,0.195230259,29.84103961,9.147459672,99.99,99.99,99.99,99.99,,,2,?,M045,1,0,1,11.1515625,41.59253056,20.469,19.391,18.73,18.481,17.364,,,,,,,,-178,29,,,0.13,1,,,28.23,-4.54,6.51,[MKK98] M 31 45,1.205803937
11.15266022,2.87E-05,41.45400299,5.59E-05,22.86462617,0.074593919,22.45139802,0.306559092,22.35989927,0.231180609,22.04373065,0.229869692,,,2,?,M046,1,0,1,11.15277917,41.45391111,19.184,19.069,19.01,18.468,17.88,,,,22.01,0.18,,,,0,,,,0,,,21.74,-9.73,5.42,[MKK98] M 31 46,0.460865622
11.15762396,1.36E-04,41.48116129,2.42E-04,26.20853124,0.330713504,23.22718125,0.436586716,23.27377712,0.35044753,22.9576085,0.349584142,,,2,?,M047,1,0,1,11.15757083,41.48115278,20.177,19.87,18.84,18.509,17.64,,,,,,,,-36,19,,,0.13,1,,,23.15,-8.89,5.65,[MKK98] M 31 47,0.146520478
11.16951707,2.27E-04,41.50183346,3.54E-04,99.99,99.99,99.99,99.99,23.19668039,0.338315163,22.88051177,0.337420732,,,2,?,M050,1,0,1,11.16947917,41.50181111,19.498,19.293,18.71,18.438,18.31,,,,20.904,0.104,21,0.09,-157,32,,,0.31,1,,,24.46,-8.54,5.9,[MKK98] M 31 50,0.130059832
11.29903055,3.66E-04,41.67216758,5.09E-05,25.28427018,0.216817653,99.99,99.99,24.20150142,0.536100244,23.8853328,0.535536248,,,2,?,M070,1,0,1,11.29913333,41.67217222,21.206,20.244,19.08,18.901,17.47,15.645,,,,,,,-136,18,0.52,0.04,0.13,1,,,36.08,-6.76,8.36,[MKK98] M 31 70,0.276889698
11.16281875,4.03E-04,41.74063917,2.34E-04,25.21264347,0.209868129,23.15053545,0.421554714,99.99,99.99,99.99,99.99,,,2,?,BH28,1,0,1,11.1628,41.7406,21.344,20.838,19.84,19.526,18.746,,,,,,,,,0,,,,0,,,35.51,0.58,8.09,M31GC J004439+414426,0.149747185
10.85003402,3.24E-05,41.64513336,2.26E-04,24.82085102,0.175707496,22.9125879,0.378154018,24.70218826,0.674730643,24.38601963,0.674282613,,,2,?,SK066A,1,0,1,10.85032083,41.64506944,21.116,20.815,19.883,19.312,18.441,,,,,,,,-197,26,,,,0,,,22.35,8.03,5.41,[KLG2007] GC1 066,0.805167727
10.94305349,5.03E-04,41.6580307,1.38E-04,25.89033143,0.285885487,27.88386199,3.714349316,99.99,99.99,99.99,99.99,,,2,?,SK071A,1,0,1,10.94335833,41.65793611,22.18,21.119,20.011,18.895,18.411,,,,,,,,-149,28,,,,0,,,25.53,5.23,5.94,[KLG2007] GC1 071,0.887822769
10.95940723,1.79E-04,41.69667213,2.79E-04,99.99,99.99,23.65363872,0.530714922,24.14772391,0.523028366,23.83155528,0.522450259,,,2,?,SK074A,1,0,1,10.95941667,41.69663889,19.989,19.59,18.805,18.231,17.538,,,,,,,,-90,34,,,,0,,,27.8,6.1,6.48,[KLG2007] GC1 074,0.122330911
11.10869075,4.03E-04,41.58747938,2.22E-04,25.53277763,0.242808393,23.03764057,0.400364778,23.32503625,0.358757489,23.00886763,0.357914147,,,2,?,SK086A,1,0,1,11.10862917,41.58734167,19.532,18.88,17.886,17.236,16.483,15.702,15.029,14.538,,,,,-69,23,,,,0,,,26.79,-3.22,6.15,[KLG2007] GC1 086,0.522757416
11.1496362,1.58E-04,41.63338696,2.57E-04,99.99,99.99,24.54756998,0.799948773,23.34543431,0.362119695,23.02926568,0.361284203,,,2,?,SK089A,1,0,1,11.14944167,41.63338889,20.902,20.463,19.424,18.747,17.854,,,,,,,,-86,19,,,,0,,,30.09,-2.94,6.89,[KLG2007] GC1 089,0.523464568
11.17701685,4.41E-04,41.68598915,8.94E-05,99.99,99.99,99.99,99.99,23.98803426,0.486072652,23.67186563,0.485450538,,,2,?,SK090A,1,0,0,11.17725833,41.68606111,20.828,20.464,19.675,19.145,18.593,,,,,,,,-125,31,,,,0,,,33.35,-1.96,7.61,[KLG2007] GC1 090,0.698998756
11.27144986,3.75E-04,41.70810656,2.82E-04,99.99,99.99,22.30510503,0.286883504,23.38656803,0.36899725,23.0703994,0.368177365,,,2,?,SK097A,1,0,0,11.27127917,41.70811111,19.668,19.581,18.946,18.606,18.001,,,,22.43,0.21,22.56,0.25,-131,21,,,,0,,,37,-4.44,8.49,[KLG2007] GC1 097,0.459026988
10.96776285,2.20E-05,41.6063141,3.46E-04,99.99,99.99,24.5009336,0.782987863,24.42945311,0.595260032,24.11328449,0.594752139,,,2,?,SK134C,1,0,1,10.968,41.60633333,21.119,20.754,19.861,19.265,18.535,,,,,,,,,0,,,,0,,,23.78,2.45,5.44,[KLG2007] GC3 134,0.642107864
10.99659797,5.36E-05,41.64536726,5.87E-05,20.76297956,0.03584106,20.49606956,0.129029136,20.01552579,0.083481976,19.69935716,0.079779958,,,2,?,C011,1,0,1,10.99655,41.64549167,18.213,18.384,18.053,18.202,17.972,,,,20.02,0.03,20.67,0.05,,0,,,,0,,,26.42,2.89,6.05,LGGS J004359.17+413843.8,0.466088359
11.22806413,3.05E-05,41.48110284,1.19E-04,24.59902377,0.158971838,23.30280931,0.451952199,23.14471051,0.33037845,22.82854189,0.329462473,,,2,?,KHM31-246,1,0,1,11.2280625,41.48093333,20.429,20.319,19.829,19.586,18.926,,,,,,,,-174,19,,,0.13,1,,,25.11,-11.38,6.28,KHM31 246,0.610246475
11.2743965,4.90E-04,41.59530382,1.59E-04,23.11329971,0.082774296,23.1670392,0.424746476,99.99,99.99,99.99,99.99,,,2,?,KHM31-264,1,0,1,11.27445,41.59535278,20.709,20.955,20.131,19.428,18.575,,,,,,21.25,0.11,,0,,,,0,,,31.78,-8.76,7.51,KHM31 264,0.227626954
11.27977722,8.87E-05,41.62174926,1.21E-05,20.81478337,0.036329847,21.05993173,0.16451266,20.96934827,0.124509094,20.65317965,0.122057838,,,2,?,KHM31-267,1,0,1,11.27966667,41.62177778,19.421,19.589,18.785,18.47,18.048,,,,20.77,0.15,21.11,0.19,,0,,,,0,,,33.17,-7.95,7.77,KHM31 267,0.314729932
10.97019728,1.44E-04,41.16607379,1.50E-04,25.58418722,0.664585453,23.26103021,0.365975298,21.35651373,0.143769375,19.87463556,0.142484159,,,7,?,B201,1,0,1,10.97017917,41.16607778,17.1,16.904,15.9,15.552,15.025,14.302,13.656,13.429,20.666,0.059,,,-706,11,0.04,0.02,0.12,0,-1.08,1.88,3.08,-13.96,3.26,Bol 201,0.051145498
10.99774736,1.38E-04,41.10285482,3.75E-05,22.10615311,0.140779975,22.10475396,0.217628626,21.11574775,0.130070879,19.63386957,0.128648887,,,7,?,B207,1,0,0,10.9977375,41.10299167,18.26,18.07,17.332,16.81,16.33,15.737,15.041,15.423,21.041,0.057,21.64,0.107,-173,12,0.05,0.02,0.08,0,-1.1,3.23,0.87,-17.28,3.94,Bol 207,0.493358291
11.01138261,3.59E-05,41.24014617,4.63E-05,20.85892291,0.087287057,20.37302616,0.105149237,20.94412466,0.121281619,19.46224648,0.119755307,,,7,?,B210,1,0,1,11.0115,41.24010833,18.11,18.09,17.57,17.158,16.2,14.934,,,20.336,0.075,20.738,0.099,-265,12,0.56,0.04,0.37,1,,7,7.72,-12.68,3.38,Bol 210,0.345737511
11.01284752,1.10E-04,41.08219841,9.91E-05,20.67478957,0.082070725,19.83121419,0.086169948,19.33842795,0.06890993,17.85654977,0.066186713,,,7,?,B212,1,0,0,11.01282917,41.08229722,16.23,16.22,15.48,15,14.48,13.817,13.169,13.131,19.16,0.017,20.275,0.048,-402,9,0.13,0.01,0.16,0,-2.07,2.46,0.32,-18.59,4.23,Bol 212,0.359190634
11.05956738,1.22E-04,41.32199651,2.98E-05,19.86079302,0.064917063,19.89277812,0.088048972,19.2941332,0.068051849,17.81225502,0.065292853,,,7,?,B218,1,0,1,11.05969583,41.32203333,16.06,15.66,14.79,14.23,13.63,12.766,12.076,11.944,19.074,0.024,19.735,0.046,-220,1,0.14,0.01,0.17,0,-0.71,1.86,12.93,-11.35,3.92,Bol 218,0.371734467
11.10555155,3.74E-04,41.23655359,6.35E-05,23.54869899,0.263448836,24.97320286,0.800829812,23.15645902,0.317470123,21.67458084,0.316890172,,,7,?,B222,1,0,0,11.10545,41.23656111,18.58,18.11,17.43,17.028,16.38,15.297,14.662,14.537,21.831,0.105,,,-303,10,0.05,0.02,0.28,1,,4.46,10.18,-16.14,4.35,Bol 222,0.276235655
11.1231145,9.15E-05,41.35984913,5.78E-05,20.27737015,0.072597988,20.07833215,0.094124453,19.65958304,0.075897736,18.17770486,0.073434112,,,7,?,B225,1,0,1,11.12316667,41.35979722,15.518,15.053,14.158,13.574,12.934,11.945,11.233,11.073,19.326,0.021,20.17,0.048,-165,1,0.1,0.01,0.12,0,-0.35,1.83,16.48,-12.19,4.67,Bol 225,0.234071259
11.16761714,5.09E-05,41.25007076,7.88E-05,21.29897295,0.102221723,20.56015127,0.113113935,19.67669578,0.07631019,18.1948176,0.073860325,,,7,?,B232,1,0,1,11.167625,41.25011667,16.49,16.39,15.67,15.2,14.6,13.942,13.351,13.272,19.49,0.021,20.673,0.06,-182,7,0.14,0.01,0.21,0,-2.01,2.41,12.56,-17.84,4.97,Bol 232,0.166636202
11.28846051,1.23E-04,41.37613023,1.25E-04,23.96637573,0.317884073,21.8233398,0.192256159,21.81386544,0.174785094,20.33198726,0.173729478,,,7,?,B237,1,0,0,11.28847917,41.37625,18.03,17.87,17.1,16.57,16.05,15.577,15.052,14.934,21.247,0.051,22.45,0.23,-86,12,0.14,0.02,0.18,0,,7.6,21.87,-17.41,6.37,Bol 237,0.434096201
11.31111981,2.29E-04,41.32693118,1.99E-04,24.65664681,0.43484721,23.52500956,0.412678585,22.34502735,0.220650504,20.86314917,0.219815257,,,7,?,B238,1,0,0,11.31114583,41.32691667,17.73,17.39,16.42,15.86,15.22,14.457,13.717,13.691,21.909,0.077,,,-35,9,0.11,0.02,0.16,0,-0.43,1.81,20.19,-20.05,6.48,Bol 238,0.087635776
11.35414485,9.00E-05,41.10618283,5.22E-05,20.3169096,0.073439811,19.99180534,0.091212557,19.27033178,0.06760071,17.7884536,0.064822516,,,7,?,B240,1,0,1,11.35433333,41.10615833,16.03,15.93,15.21,14.73,14.21,13.467,12.888,12.788,18.939,0.015,19.902,0.04,-56,5,0.13,0,0.13,0,-1.74,2.05,11.02,-29.81,7.24,Bol 240,0.518824516
11.07072165,5.49E-04,41.23744725,2.98E-04,24.69997928,0.443522129,99.99,99.99,99.99,99.99,99.99,99.99,,,7,?,B277,1,0,0,11.07047083,41.23771944,20.202,19.12,18.5,18.669,17.26,,,,,,,,-358,8,,,0.13,1,,,9.26,-14.86,3.99,Bol 277,1.192157097
11.17838663,3.02E-04,41.33566131,1.82E-04,23.86385991,0.303515843,99.99,99.99,99.99,99.99,99.99,99.99,,,7,?,B281,1,0,0,11.17845417,41.33571111,19.01,18.51,17.67,17.11,16.51,15.823,14.858,14.283,22.94,0.22,,,-203,12,0.12,0.02,0.08,1,,5.73,16.89,-15.04,5.15,Bol 281,0.255870242
11.230973,2.04E-04,41.28351856,2.18E-04,24.99875682,0.508335937,24.18747447,0.558529212,23.36705797,0.349248442,21.88517979,0.348721345,,,7,?,B283,1,0,0,11.23085,41.28343889,19.021,18.7,17.64,17.2,16.53,15.733,14.901,15.074,,,,,-83,12,0.08,0.06,0.19,0,-0.52,-0.65,15.89,-18.84,5.61,Bol 283,0.439295946
11.08828329,6.35E-05,41.3194746,2.21E-04,24.92425918,0.491324001,99.99,99.99,22.62147387,0.249559015,21.13959569,0.248820828,,,7,?,B112D,1,0,1,11.08847917,41.31940833,19.606,19.313,18.65,18.129,17.38,15.72,15.016,,,,,,-291,15,0.22,0.03,0.22,1,,,13.61,-12.46,4.2,Bol D112,0.580852784
11.00345537,2.25E-04,41.28669326,8.45E-05,23.2169028,0.227254873,22.92841983,0.314761335,22.0706516,0.19549552,20.58877342,0.194552309,,,7,?,M009,1,0,0,11.0034375,41.28669722,18.851,18.726,17.95,17.455,16.57,15.17,15.009,,21.462,0.174,22.41,0.34,-349,20,0.54,0.03,0.12,0,,,9.69,-10.67,3.28,[MKK98] M 31 09,0.050418238
11.07861005,2.36E-04,41.35260132,2.48E-05,23.08373329,0.214264255,22.30988944,0.238400124,21.29660576,0.140203883,19.81472758,0.138885677,,,7,?,M023,1,0,1,11.07884167,41.35266389,19.136,19.057,18.65,18.495,17.84,,,,20.94,0.11,22.83,0.54,-222,19,,,,0,,,14.91,-10.89,4.2,[MKK98] M 31 23,0.665220364
11.1413695,2.31E-04,41.35076081,2.02E-04,99.99,99.99,22.49495541,0.258958841,22.23753325,0.210399178,20.75565507,0.20952307,,,7,?,M042,1,0,0,11.14152917,41.35081111,19.322,19.214,18.64,18.692,18.27,,,,21.235,0.148,21.08,0.12,-233,23,,,0.04,1,,,16.57,-13.17,4.82,[MKK98] M 31 42,0.467944058
11.05123654,2.44E-04,41.35309818,4.00E-05,21.93236948,0.131060615,21.45233465,0.163673235,23.11770541,0.311956253,21.63582723,0.311366033,,,7,?,SK084A,1,0,1,11.05142917,41.35299722,19.961,20.082,19.344,18.465,17.69,,,,20.85,0.1,21.29,0.14,-81,62,,,,0,,,14.16,-9.9,3.94,[KLG2007] GC1 084,0.63486202
11.10453199,1.02E-04,41.34701731,5.40E-05,17.37278589,0.046734352,16.86943458,0.046699028,17.71769897,0.049693603,16.23582079,0.045842738,,,7,?,SK166B,1,0,1,11.10474167,41.34718056,15.416,16.044,15.766,15.588,15.686,14.96,14.498,14.696,16.81,0,16.82,0.01,,0,,,,0,,,15.37,-12.01,4.44,[KLG2007] GC2 166,0.816388106
11.20582103,2.82E-04,41.32647967,6.70E-05,24.37252225,0.382104841,24.23177363,0.569974249,23.6483252,0.396873236,22.16644702,0.39640947,,,7,?,KHM31-234,1,0,1,11.20572083,41.32653889,21.201,21.181,20.641,20.223,19.503,,,,23.35,0.46,,,-184,34,,,0.56,1,,,17.22,-16.34,5.41,KHM31 234,0.344713171
11.36886557,6.17E-05,41.50122034,1.41E-04,23.83867938,0.291887306,23.51815891,0.3875443,22.57038819,0.225359628,21.55469059,0.224801904,,,13,?,B287,1,0,0,11.36872917,41.50127778,18.805,18.731,18.059,17.567,16.932,,,,21.532,0.067,,,-281,34,,,0.07,0,,,29.99,-15.58,7.7,Bol 287,0.421905431
11.4354568,1.23E-04,41.69850699,4.79E-05,23.93816016,0.305386415,23.23442144,0.340546467,22.36098503,0.205283943,21.34528743,0.204671521,,,13,?,B374,1,0,1,11.4355,41.69862778,18.857,18.75,18.31,17.9,17.42,,,,21.905,0.148,,,-96,12,,,0.34,1,,4.24,41.13,-10.56,9.67,Bol 374,0.450077162
11.43986114,9.61E-05,41.66167858,5.95E-05,24.03476628,0.319108615,23.46982512,0.379093679,22.52717698,0.22105178,21.51147938,0.220483159,,,13,?,B375,1,0,0,11.43983333,41.66170833,18.621,18.51,17.61,17.07,16.59,15.462,14.666,14.341,22.441,0.193,,,-209,12,0.29,0.03,0.21,0,-0.87,2.35,39.51,-12.09,9.41,Bol 375,0.130635806
11.45171019,1.78E-05,41.71103513,7.33E-05,21.71255365,0.114142739,21.30721643,0.14427534,20.78509628,0.104971702,19.76939868,0.103768938,,,13,?,B376,1,0,1,11.45160833,41.71107778,18.325,18.371,18.06,17.82,17.09,,,,20.538,0.038,21.285,0.084,-163,20,,,0.31,1,,6.4,42.16,-10.66,9.9,Bol 376,0.31384321
11.52716106,2.21E-04,41.34952798,2.50E-04,99.99,99.99,23.37121516,0.362430877,20.97325869,0.113227363,19.95756109,0.112113202,,,13,?,B381,1,0,0,11.52727917,41.34968333,16.823,16.608,15.655,15.15,14.54,13.804,13.144,13.067,20.414,0.026,,,-86,2,0.17,0.02,0.24,0,-1.1,1.7,27.31,-26.83,8.72,Bol 381,0.643944971
11.54310089,9.70E-05,41.62779619,8.94E-05,21.70300418,0.113687016,21.57847334,0.162254538,21.63966195,0.149712662,20.62396435,0.148871808,,,13,?,B382,1,0,0,11.54308333,41.62787222,18.239,17.894,17.19,16.733,16.171,15.717,15.097,15.547,20.968,0.041,21.905,0.099,-302,12,0.1,0.02,0.18,0,-1.16,3.09,40.81,-16.98,10.07,Bol 382,0.277745737
11.74180096,5.41E-04,41.565713,2.34E-04,99.99,99.99,24.92787347,0.739248611,23.08119681,0.28354266,22.0654992,0.283099584,,,13,?,B391,1,0,0,11.7421125,41.56569722,18.27,17.231,16.506,15.855,16.166,15.415,14.678,14.729,22.019,0.079,,,-325,12,0.36,0.03,0.24,0,-0.96,2.75,43.47,-26.28,11.57,Bol 391,0.841048067
11.75511675,3.92E-04,41.40175838,1.51E-04,24.38897126,0.375044515,25.11841495,0.806880889,22.69023309,0.237779312,21.67453549,0.237250786,,,13,?,B393,1,0,1,11.75501667,41.401775,18.047,17.719,16.916,16.4,15.8,15.162,14.225,14.231,21.752,0.086,,,-331,10,0.14,0.02,0.17,0,-1.03,1.9,36.16,-32.89,11.13,Bol 393,0.276790522
11.36698451,2.70E-04,41.70090079,1.97E-04,24.15911441,0.337705067,99.99,99.99,23.63312619,0.364237239,22.61742859,0.363892429,,,13,?,M085,1,0,0,11.36672083,41.70101111,20.055,19.766,19.57,18.837,18.591,,,,,,,,-120,37,,,0.44,1,,,39.32,-8.06,9.14,[MKK98] M 31 85,0.812418102
11.38788373,2.93E-04,41.70541168,2.10E-04,24.25460781,0.352734807,99.99,99.99,23.29943356,0.31298755,22.28373595,0.312586213,,,13,?,M091,1,0,1,11.38792083,41.70533333,20.02,19.725,18.86,18.575,17.87,17.197,17.677,15.594,,,,,-144,43,0.54,0.03,0.49,1,,,40.12,-8.64,9.35,[MKK98] M 31 91,0.299153693
11.40617574,4.91E-04,41.66963335,9.91E-05,24.70509127,0.433360546,23.92673609,0.467091859,99.99,99.99,99.99,99.99,,,13,?,M093,1,0,0,11.40607083,41.66979167,20.69,20.41,19.35,19.338,18.59,,,,,,,,-217,38,,,0.13,1,,,38.95,-10.6,9.19,[MKK98] M 31 93,0.635943741
11.4568942,1.54E-04,41.65703039,4.56E-05,99.99,99.99,24.36695596,0.571455233,23.89063694,0.40960729,22.87493934,0.409300704,,,13,?,M105,1,0,0,11.45705,41.65728889,19.975,19.824,18.87,18.563,17.73,,,,,,,,-157,13,,,0.13,1,,,39.79,-12.86,9.52,[MKK98] M 31 105,1.020594638
11.40566572,3.68E-04,41.61257906,2.70E-04,25.52115304,0.630005871,24.41818834,0.585040406,99.99,99.99,99.99,99.99,,,13,?,BH29,1,0,1,11.40550833,41.612575,20.577,20.35,19.648,19.227,18.724,,,,,,,,,0,,,,0,,,36.25,-12.72,8.75,M31GC J004537+413644,0.423878439
10.82352175,,41.46246154,,23.79769889,0.16037826,25.05060079,4.376873616,22.29610967,0.159443236,21.71790924,0.158189586,99.99,99.99,0,?,B163,1,0,1,10.8235,41.462475,16.71,16.03,15.045,14.43,13.71,12.637,11.84,11.686,21.316,0.061,,,-174,2,0.14,0.01,0.21,0,-0.08,1.74,12.98,2.22,3,Bol 163,0.076090015
10.92290457,,41.40707239,,22.31069761,0.065302788,22.84585309,0.378479811,20.97369686,0.089006921,20.39508312,0.086552955,21.88426858,0.167810928,0,?,B188,1,0,0,10.92290417,41.40715,17.95,17.75,17.04,16.63,15.92,15.358,14.684,15.009,20.898,0.093,,,-184,12,0.04,0.01,0.09,0,-1.51,2.43,13.13,-3.35,3.09,Bol 188,0.279411649
10.97677389,,41.2538314,,20.98483332,0.069782995,20.99054688,0.077020173,21.44085943,0.107593937,20.24820738,0.104462819,21.53523475,0.096271821,0,?,B106D,1,0,1,10.97686667,41.25381111,18.673,18.667,18.087,17.779,17.226,,,,20.412,0.075,20.765,0.089,-312,36,,,0.34,1,,,7.4,-10.95,3.01,Bol D106,0.261491938
10.97615774,,41.23657639,,20.38754109,0.066500576,20.4342633,0.06219275,20.58940461,0.076786295,19.41353085,0.073350906,20.71561275,0.068713434,0,?,M003,1,0,1,10.97638333,41.23640833,18.589,18.908,18.77,18.008,19.21,16.615,16.034,15.176,20.166,0.083,20.348,0.081,-239,27,,,0.7,1,,,6.57,-11.57,3.03,[MKK98] M 31 03,0.859658005
11.31488883,,41.58805571,,24.18366192,0.123287787,23.13874204,0.326047886,22.23581645,0.146174462,21.69838608,0.219908288,99.99,99.99,0,?,B239,1,0,0,11.31495417,41.58809167,18.49,18.1,17.08,16.65,16.09,15.285,14.547,14.573,22.15,0.18,,,-411,51,0.09,0.01,0.12,2,-1.46,1.67,32.57,-10.45,7.79,Bol 239,0.218405172
11.1653136,,41.40782089,,21.64938752,0.044131985,21.36388445,0.151734832,21.89599251,0.222389334,21.64547498,0.31866059,99.99,99.99,0,?,B118D,1,0,1,11.1652875,41.40784444,18.532,18.707,18.26,17.907,17.65,17.076,15.736,15.601,20.595,0.086,,,-247,17,0.32,0.02,0.28,1,,,19.92,-11.89,5.28,Bol D118,0.110273228
11.14298247,,41.38670838,,99.99,99.99,23.62149555,0.462089228,24.32645591,0.567757008,24.43413641,0.837885,99.99,99.99,0,?,M043,1,0,0,11.1431,41.38656944,20.779,20.601,19.64,19.514,19.01,,,,,,,,-199,39,,,0.13,1,,,18.3,-11.9,4.97,[MKK98] M 31 43,0.592392924
11.30597888,,41.62668019,,20.01137585,0.028040485,19.87169242,0.078348557,20.71844195,0.092887639,20.45575619,0.166076208,99.99,99.99,0,?,WH28,1,0,6,11.30591667,41.62672222,,,17.56,,,,,,19,0.04,19.06,0.04,,0,,,,0,,,34.14,-8.69,8.02,,0.225657557
